INSERT INTO Hotel_Chain (chain_name, num_hotels) VALUES
('Marriott', 40),
('Hilton', 35),
('Hyatt', 28),
('Sheraton', 33),
('Holiday Inn', 25),
('Westin', 20),
('Four Seasons', 12),
('Best Western', 18),
('Comfort Inn', 22),
('Radisson', 15);

INSERT INTO Central_Office (chain_id, street_number, street_name, city, state, zip, contact_email, contact_phone) VALUES
(1, '1111', 'Marriott Ave', 'Bethesda', 'MD', '76730', 'contact@marriott.com', '+1-766-555-1000'),
(2, '1222', 'Hilton Ave', 'McLean', 'VA', '79346', 'contact@hilton.com', '+1-305-555-1001'),
(3, '1333', 'Hyatt Ave', 'Chicago', 'IL', '98032', 'contact@hyatt.com', '+1-415-555-1002'),
(4, '1444', 'Sheraton Ave', 'Stamford', 'CT', '45644', 'contact@sheraton.com', '+1-552-555-1003'),
(5, '1555', 'Holiday Inn Ave', 'Atlanta', 'GA', '75398', 'contact@holidayinn.com', '+1-311-555-1004'),
(6, '1666', 'Westin Ave', 'Seattle', 'WA', '87842', 'contact@westin.com', '+1-295-555-1005'),
(7, '1777', 'Four Seasons Ave', 'Los Angeles', 'CA', '76158', 'contact@fourseasons.com', '+1-627-555-1006'),
(8, '1888', 'Best Western Ave', 'Dallas', 'TX', '70711', 'contact@bestwestern.com', '+1-341-555-1007'),
(9, '1999', 'Comfort Inn Ave', 'Denver', 'CO', '37466', 'contact@comfortinn.com', '+1-963-555-1008'),
(10, '2110', 'Radisson Ave', 'Orlando', 'FL', '92190', 'contact@radisson.com', '+1-356-555-1009');

INSERT INTO Hotel (chain_id, hotel_name, street_number, street_name, city, state, zip, contact_email, star_rating, num_rooms) VALUES
(1, 'Marriott Suites', '2580', 'Beachside Ln', 'Orlando', 'FL', '24747', 'marriott_suites@marriott.com', 3, 31),
(1, 'Marriott Garden', '2121', 'Plaza Way', 'Dallas', 'TX', '80202', 'marriott_garden_dallas@marriott.com', 5, 35),
(1, 'Marriott Downtown', '5213', 'City Center St', 'Atlanta', 'GA', '30105', 'marriott_atlanta@marriott.com', 5, 42),
(1, 'Marriott Downtown', '3475', 'City Center Blvd', 'Bethesda', 'MD', '31519', 'marriott_bethesda@marriott.com', 2, 36),
(1, 'Marriott Garden', '8478', 'Downtown Terrace', 'Denver', 'CO', '37831', 'marriott_garden_denver@marriott.com', 4, 44),
(1, 'Marriott Resort', '7283', 'City Center Terrace', 'Atlanta', 'GA', '79339', 'marriott_resort@marriott.com', 3, 33),
(2, 'Hilton Beachside', '6124', 'Suites Ln', 'Seattle', 'WA', '76115', 'hilton_beachside@hilton.com', 5, 42),
(2, 'Hilton Airport', '9334', 'Suites Rd', 'Stamford', 'CT', '93628', 'hilton_airport_stamford@hilton.com', 3, 39),
(2, 'Hilton City Center', '8995', 'Downtown Ave', 'McLean', 'VA', '43400', 'hilton_city_center@hilton.com', 4, 31),
(2, 'Hilton Airport', '9279', 'Suites Ave', 'Seattle', 'WA', '33632', 'hilton_airport_seattle@hilton.com', 3, 37),
(3, 'Hyatt City Center', '7428', 'Suites Ave', 'Orlando', 'FL', '69649', 'hyatt_city_center@hyatt.com', 3, 37),
(3, 'Hyatt Downtown', '8716', 'Resort Terrace', 'Bethesda', 'MD', '40364', 'hyatt_downtown@hyatt.com', 4, 45),
(3, 'Hyatt Resort', '2504', 'Resort St', 'Seattle', 'WA', '53091', 'hyatt_resort@hyatt.com', 3, 45),
(4, 'Sheraton Beachside', '7942', 'Airport Terrace', 'Dallas', 'TX', '61130', 'sheraton_beachside_dallas@sheraton.com', 4, 44),
(4, 'Sheraton Beachside', '1432', 'Airport Blvd', 'Bethesda', 'MD', '54021', 'sheraton_beachside_bethesda@sheraton.com', 4, 37),
(4, 'Sheraton Garden', '9901', 'Plaza Ln', 'McLean', 'VA', '42286', 'sheraton_garden@sheraton.com', 3, 40),
(4, 'Sheraton Downtown', '7512', 'Resort Terrace', 'Seattle', 'WA', '18445', 'sheraton_downtown@sheraton.com', 5, 33),
(5, 'Holiday Inn Plaza', '7991', 'Airport Way', 'Stamford', 'CT', '28114', 'holiday_inn_plaza@holidayinn.com', 4, 44),
(5, 'Holiday Inn Airport', '2798', 'Suites Ln', 'Los Angeles', 'CA', '36019', 'holiday_inn_airport@holidayinn.com', 4, 33),
(5, 'Holiday Inn Suites', '3422', 'Beachside Terrace', 'Chicago', 'IL', '58430', 'holiday_inn_suites_chicago@holidayinn.com', 3, 44),
(5, 'Holiday Inn Resort', '2082', 'City Center Way', 'Seattle', 'WA', '35618', 'holiday_inn_resort_city@holidayinn.com', 3, 35),
(5, 'Holiday Inn Resort', '4572', 'Downtown Way', 'Seattle', 'WA', '85733', 'holiday_inn_resort_downtown@holidayinn.com', 3, 34),
(5, 'Holiday Inn Suites', '1079', 'Plaza Terrace', 'Bethesda', 'MD', '44607', 'holiday_inn_suites_bethesda@holidayinn.com', 5, 43),
(6, 'Westin Beachside', '4159', 'Suites St', 'Bethesda', 'MD', '10535', 'westin_beachside_bethesday@westin.com', 4, 42),
(6, 'Westin Plaza', '264', 'Garden Ln', 'Denver', 'CO', '15657', 'westin_plaza_denver@westin.com', 4, 40),
(6, 'Westin Beachside', '5845', 'Resort St', 'Dallas', 'TX', '25880', 'westin_beachside_dallas@westin.com', 4, 45),
(6, 'Westin Resort', '6000', 'Plaza Terrace', 'Bethesda', 'MD', '80922', 'westin_resort@westin.com', 5, 31),
(6, 'Westin Plaza', '1590', 'Airport St', 'Los Angeles', 'CA', '97265', 'westin_plaza@westin.com', 4, 30),
(6, 'Westin City Center', '4477', 'Suites Ln', 'Stamford', 'CT', '14761', 'westin_city_center@westin.com', 4, 38),
(7, 'Four Seasons Downtown', '9751', 'Downtown Rd', 'Bethesda', 'MD', '79718', 'four_seasons_downtown@fourseasons.com', 5, 44),
(7, 'Four Seasons Plaza', '6351', 'Suites Way', 'Orlando', 'FL', '39593', 'four_seasons_plaza@fourseasons.com', 3, 34),
(7, 'Four Seasons Garden', '4133', 'Suites Rd', 'Bethesda', 'MD', '21000', 'four_seasons_garden@fourseasons.com', 4, 43),
(7, 'Four Seasons Beachside', '769', 'Garden Way', 'Los Angeles', 'CA', '97375', 'four_seasons_beachside@fourseasons.com', 3, 12),
(7, 'Four Seasons Airport', '8316', 'Beachside St', 'Dallas', 'TX', '16997', 'four_seasons_airport@fourseasons.com', 4, 10),
(7, 'Four Seasons Resort', '171', 'Airport Ln', 'Orlando', 'FL', '44104', 'four_seasons_resort@fourseasons.com', 3, 20),
(8, 'Best Western Resort', '801', 'Beachside Way', 'Dallas', 'TX', '48191', 'best_western_resort@bestwestern.com', 5, 24),
(8, 'Best Western Suites', '9779', 'City Center Ave', 'Atlanta', 'GA', '82896', 'best_western_suites_atlanta@bestwestern.com', 3, 22),
(8, 'Best Western Suites', '5917', 'Downtown Ave', 'Los Angeles', 'CA', '87179', 'best_western_suites_la@bestwestern.com', 4, 12),
(8, 'Best Western Beachside', '4144', 'Garden Ln', 'Denver', 'CO', '67474', 'best_western_beachside@bestwestern.com', 5, 16),
(9, 'Comfort Inn Downtown', '1198', 'Airport Ave', 'Dallas', 'TX', '23579', 'comfort_inn_downtown_dallas@comfortinn.com', 3, 14),
(9, 'Comfort Inn City Center', '849', 'Garden Terrace', 'McLean', 'VA', '16661', 'comfort_inn_city_center@comfortinn.com', 3, 11),
(9, 'Comfort Inn Downtown', '6409', 'Suites Blvd', 'Los Angeles', 'CA', '71532', 'comfort_inn_downtown_la@comfortinn.com', 5, 13),
(9, 'Comfort Inn Resort', '1538', 'Plaza Blvd', 'Atlanta', 'GA', '31096', 'comfort_inn_resort@comfortinn.com', 5, 10),
(9, 'Comfort Inn Beachside', '6609', 'City Center Terrace', 'Dallas', 'TX', '81440', 'comfort_inn_beachside@comfortinn.com', 3, 19),
(10, 'Radisson Resort', '1241', 'Garden Rd', 'Bethesda', 'MD', '39379', 'radisson_resort@radisson.com', 4, 22),
(10, 'Radisson Suites', '2822', 'Plaza Ave', 'Seattle', 'WA', '79294', 'radisson_suites@radisson.com', 4, 22),
(10, 'Radisson Airport', '6449', 'Resort Ave', 'Stamford', 'CT', '36060', 'radisson_airport_stamford@radisson.com', 3, 20),
(10, 'Radisson Airport', '6265', 'Suites St', 'Dallas', 'TX', '80517', 'radisson_airport_dallas@radisson.com', 3, 13),
(1, 'Marriott Resort', '2968', 'Airport Blvd', 'Seattle', 'WA', '16327', 'marriott_resort_seattle_1@marriott.com', 4, 0),
(1, 'Marriott Downtown', '3340', 'Plaza St', 'Seattle', 'WA', '58039', 'marriott_downtown_seattle_2@marriott.com', 5, 0),
(2, 'Hilton Resort', '3152', 'Resort Rd', 'Denver', 'CO', '51258', 'hilton_resort_denver_3@hilton.com', 4, 0),
(2, 'Hilton Garden', '5420', 'Airport Ave', 'Seattle', 'WA', '54900', 'hilton_garden_seattle_4@hilton.com', 4, 0),
(2, 'Hilton Plaza', '3954', 'Resort Terrace', 'Bethesda', 'MD', '25035', 'hilton_plaza_bethesda_5@hilton.com', 2, 0),
(2, 'Hilton Beachside', '1298', 'Suites Terrace', 'Seattle', 'WA', '11905', 'hilton_beachside_seattle_6@hilton.com', 4, 0),
(3, 'Hyatt Plaza', '2816', 'City Center Ln', 'Atlanta', 'GA', '62580', 'hyatt_plaza_atlanta_7@hyatt.com', 4, 0),
(3, 'Hyatt Garden', '3724', 'Garden Rd', 'Los Angeles', 'CA', '69714', 'hyatt_garden_los angeles_8@hyatt.com', 3, 0),
(3, 'Hyatt Suites', '7163', 'Suites Rd', 'Seattle', 'WA', '42562', 'hyatt_suites_seattle_9@hyatt.com', 3, 0),
(3, 'Hyatt City Center', '1223', 'Suites Blvd', 'Atlanta', 'GA', '79549', 'hyatt_city_center_atlanta_10@hyatt.com', 2, 0),
(3, 'Hyatt Downtown', '8226', 'Suites Way', 'Chicago', 'IL', '62972', 'hyatt_downtown_chicago_11@hyatt.com', 2, 0),
(4, 'Sheraton Resort', '7012', 'Beachside Rd', 'Denver', 'CO', '99751', 'sheraton_resort_denver_12@sheraton.com', 5, 0),
(4, 'Sheraton City Center', '3927', 'Airport Ave', 'Denver', 'CO', '74877', 'sheraton_city_center_denver_13@sheraton.com', 4, 0),
(4, 'Sheraton Plaza', '6570', 'Resort Rd', 'Seattle', 'WA', '69626', 'sheraton_plaza_seattle_14@sheraton.com', 3, 0),
(4, 'Sheraton Airport', '7892', 'Beachside Rd', 'Chicago', 'IL', '25343', 'sheraton_airport_chicago_15@sheraton.com', 4, 0),
(5, 'Holiday Inn Garden', '908', 'Suites St', 'Atlanta', 'GA', '61044', 'holiday_inn_garden_atlanta_16@holidayinn.com', 3, 0),
(5, 'Holiday Inn Plaza', '6493', 'City Center Way', 'Orlando', 'FL', '43619', 'holiday_inn_plaza_orlando_17@holidayinn.com', 4, 0),
(6, 'Westin Downtown', '7136', 'Plaza Way', 'Atlanta', 'GA', '58285', 'westin_downtown_atlanta_18@westin.com', 2, 0),
(6, 'Westin Airport', '4292', 'Garden Blvd', 'Seattle', 'WA', '97235', 'westin_airport_seattle_19@westin.com', 3, 0),
(7, 'Four Seasons Downtown', '8823', 'Suites Ave', 'Orlando', 'FL', '42182', 'four_seasons_downtown_orlando_20@fourseasons.com', 4, 0),
(7, 'Four Seasons City Center', '4360', 'Airport Ln', 'McLean', 'VA', '22493', 'four_seasons_city_center_mclean_21@fourseasons.com', 4, 0),
(8, 'Best Western Beachside', '4537', 'Garden Terrace', 'Bethesda', 'MD', '14081', 'best_western_beachside_bethesda_22@bestwestern.com', 4, 0),
(8, 'Best Western Resort', '2889', 'Resort Rd', 'McLean', 'VA', '25760', 'best_western_resort_mclean_23@bestwestern.com', 2, 0),
(8, 'Best Western Beachside', '7063', 'Downtown Ln', 'Denver', 'CO', '37628', 'best_western_beachside_denver_24@bestwestern.com', 3, 0),
(8, 'Best Western City Center', '2785', 'Beachside Rd', 'Dallas', 'TX', '30277', 'best_western_city_center_dallas_25@bestwestern.com', 2, 0),
(9, 'Comfort Inn Beachside', '3207', 'Suites Rd', 'Dallas', 'TX', '15493', 'comfort_inn_beachside_dallas_26@comfortinn.com', 3, 0),
(9, 'Comfort Inn Downtown', '6431', 'Plaza Way', 'Dallas', 'TX', '75369', 'comfort_inn_downtown_dallas_27@comfortinn.com', 5, 0),
(9, 'Comfort Inn City Center', '2705', 'Downtown Blvd', 'Stamford', 'CT', '64884', 'comfort_inn_city_center_stamford_28@comfortinn.com', 2, 0),
(10, 'Radisson City Center', '4574', 'Airport Way', 'Dallas', 'TX', '81748', 'radisson_city_center_dallas_29@radisson.com', 2, 0),
(10, 'Radisson Garden', '6515', 'Resort St', 'Los Angeles', 'CA', '87712', 'radisson_garden_los angeles_30@radisson.com', 3, 0),
(10, 'Radisson Beachside', '2318', 'Beachside Blvd', 'McLean', 'VA', '74816', 'radisson_beachside_mclean_31@radisson.com', 4, 0),
(10, 'Radisson Downtown', '2743', 'Beachside Terrace', 'Los Angeles', 'CA', '68590', 'radisson_downtown_los angeles_32@radisson.com', 3, 0);

INSERT INTO Phone_Hotel (hotel_id, phone_number) VALUES
(1, '+1-462-525-2641'),
(1, '+1-217-144-1123'),
(1, '+1-742-706-5527'),
(2, '+1-817-195-6313'),
(2, '+1-402-578-3874'),
(2, '+1-428-968-9514'),
(3, '+1-231-545-7713'),
(4, '+1-700-758-4560'),
(4, '+1-937-421-5214'),
(5, '+1-283-218-7982'),
(5, '+1-501-103-1657'),
(5, '+1-352-354-4777'),
(6, '+1-620-633-7733'),
(6, '+1-664-157-8057'),
(7, '+1-920-716-8139'),
(7, '+1-736-978-8504'),
(7, '+1-504-477-1248'),
(8, '+1-873-326-4545'),
(8, '+1-206-227-9145'),
(8, '+1-928-563-6825'),
(9, '+1-618-906-8670'),
(10, '+1-721-652-9133'),
(10, '+1-747-750-9728'),
(10, '+1-999-245-3515'),
(11, '+1-433-235-2644'),
(12, '+1-802-308-2081'),
(13, '+1-610-359-5314'),
(14, '+1-378-590-1117'),
(15, '+1-622-769-6173'),
(15, '+1-555-555-2785'),
(16, '+1-415-547-8513'),
(17, '+1-278-147-6651'),
(18, '+1-394-106-1158'),
(18, '+1-351-532-3286'),
(18, '+1-783-303-7447'),
(19, '+1-986-254-7787'),
(19, '+1-567-177-3704'),
(20, '+1-937-985-2676'),
(20, '+1-676-638-8931'),
(20, '+1-820-553-5240'),
(21, '+1-881-921-6079'),
(21, '+1-930-861-7521'),
(21, '+1-736-376-4206'),
(22, '+1-379-781-7089'),
(22, '+1-266-407-4534'),
(22, '+1-662-354-7318'),
(23, '+1-353-404-3274'),
(24, '+1-470-241-2330'),
(24, '+1-956-205-2183'),
(25, '+1-937-527-7902'),
(25, '+1-292-899-2056'),
(26, '+1-286-599-1733'),
(26, '+1-921-853-8527'),
(26, '+1-356-811-7596'),
(27, '+1-201-715-3549'),
(28, '+1-624-431-8431'),
(28, '+1-240-443-9821'),
(28, '+1-568-857-1669'),
(29, '+1-829-533-2260'),
(29, '+1-373-306-1622'),
(29, '+1-567-193-9677'),
(30, '+1-941-354-5365'),
(30, '+1-658-584-1302'),
(30, '+1-435-435-6181'),
(31, '+1-215-613-6122'),
(31, '+1-766-574-6563'),
(31, '+1-407-286-3291'),
(32, '+1-749-684-4182'),
(32, '+1-211-500-5913'),
(33, '+1-857-353-5943'),
(33, '+1-630-945-2894'),
(33, '+1-532-172-1539'),
(34, '+1-790-441-7010'),
(34, '+1-460-898-8526'),
(34, '+1-293-170-4753'),
(35, '+1-575-820-3677'),
(35, '+1-242-513-4717'),
(36, '+1-690-392-6608'),
(36, '+1-336-693-9655'),
(37, '+1-632-527-7360'),
(38, '+1-872-377-3412'),
(38, '+1-273-528-2692'),
(38, '+1-647-416-1300'),
(39, '+1-562-330-8104'),
(39, '+1-426-188-6034'),
(40, '+1-767-598-6244'),
(40, '+1-551-662-7302'),
(41, '+1-506-803-1594'),
(42, '+1-279-426-3916'),
(42, '+1-289-423-4963'),
(43, '+1-526-651-8634'),
(44, '+1-463-977-2586'),
(44, '+1-295-499-9362'),
(44, '+1-842-694-7022'),
(45, '+1-507-994-2328'),
(45, '+1-380-311-4719'),
(45, '+1-766-555-6272'),
(46, '+1-438-630-5252'),
(46, '+1-231-270-8015'),
(47, '+1-659-490-7870'),
(47, '+1-773-950-6405'),
(48, '+1-205-145-6199'),
(48, '+1-585-185-3325'),
(48, '+1-269-782-9635'),
(1, '+1-919-258-4968'),
(1, '+1-992-535-7361'),
(2, '+1-557-286-8949'),
(3, '+1-954-617-1226'),
(3, '+1-346-198-9207'),
(4, '+1-488-241-4797'),
(4, '+1-517-435-7347'),
(5, '+1-802-283-9339'),
(5, '+1-870-820-2283'),
(5, '+1-492-806-7090'),
(6, '+1-627-451-6872'),
(6, '+1-886-583-4403'),
(7, '+1-578-590-9834'),
(7, '+1-496-305-9313'),
(8, '+1-538-277-3089'),
(9, '+1-677-947-1073'),
(9, '+1-680-779-2170'),
(9, '+1-295-956-5160'),
(10, '+1-386-486-1328'),
(10, '+1-962-452-9439'),
(11, '+1-794-599-9926'),
(12, '+1-310-903-5392'),
(12, '+1-891-532-8435'),
(12, '+1-915-338-6441'),
(13, '+1-445-880-4250'),
(13, '+1-455-416-9594'),
(14, '+1-896-205-7765'),
(14, '+1-921-847-3922'),
(15, '+1-324-113-7686'),
(16, '+1-791-432-2797'),
(17, '+1-676-727-7329'),
(18, '+1-710-728-1089'),
(18, '+1-980-572-1419'),
(18, '+1-268-586-1769'),
(19, '+1-279-692-9643'),
(19, '+1-945-579-1285'),
(19, '+1-899-562-8173'),
(20, '+1-483-366-3009'),
(21, '+1-264-952-6466'),
(21, '+1-381-951-6567'),
(22, '+1-264-661-4677'),
(22, '+1-769-247-3262'),
(23, '+1-618-107-8678'),
(24, '+1-491-117-9875'),
(24, '+1-739-272-3145'),
(24, '+1-581-942-9198'),
(25, '+1-303-793-2462'),
(25, '+1-518-290-7013'),
(25, '+1-501-873-1848'),
(26, '+1-518-209-5903'),
(27, '+1-407-560-3833'),
(28, '+1-628-542-6548'),
(28, '+1-619-150-5579'),
(28, '+1-832-939-9953'),
(29, '+1-534-835-5720'),
(30, '+1-460-417-7690'),
(31, '+1-735-601-8577'),
(32, '+1-848-144-1436'),
(32, '+1-903-122-6898');

INSERT INTO Room_Type (description) VALUES
('Single Room'),
('Double Room'),
('Queen Room'),
('King Room'),
('Twin Room'),
('Studio'),
('Suite'),
('Executive Suite'),
('Presidential Suite'),
('Penthouse');

INSERT INTO Room (hotel_id, room_number, room_type_id, price, capacity, sea_view, mountain_view) VALUES
(1, 256, 3, 678.15, 4, TRUE, TRUE),
(1, 713, 3, 291.16, 2, TRUE, TRUE),
(1, 961, 6, 551.73, 2, FALSE, TRUE),
(1, 339, 10, 382.09, 5, TRUE, TRUE),
(1, 681, 8, 589.93, 1, FALSE, TRUE),
(1, 998, 4, 579.7, 5, FALSE, FALSE),
(1, 677, 8, 354.29, 4, TRUE, FALSE),
(1, 535, 4, 781.33, 5, FALSE, FALSE),
(1, 943, 5, 102.59, 3, FALSE, FALSE),
(1, 213, 3, 77.71, 2, TRUE, TRUE),
(1, 937, 8, 791.28, 3, FALSE, TRUE),
(2, 173, 3, 618.37, 5, FALSE, FALSE),
(2, 463, 8, 108.66, 3, FALSE, TRUE),
(2, 478, 8, 580.63, 2, TRUE, FALSE),
(2, 290, 10, 424.27, 1, FALSE, TRUE),
(2, 297, 8, 538.03, 4, TRUE, TRUE),
(2, 316, 1, 298.42, 2, TRUE, FALSE),
(2, 180, 7, 730.79, 4, FALSE, FALSE),
(2, 460, 10, 495.41, 2, TRUE, FALSE),
(2, 878, 5, 86.27, 4, FALSE, TRUE),
(2, 433, 10, 594.37, 5, FALSE, FALSE),
(2, 799, 1, 740.52, 1, FALSE, TRUE),
(2, 602, 7, 617.39, 3, TRUE, TRUE),
(2, 681, 9, 573.4, 4, FALSE, TRUE),
(2, 674, 6, 203.89, 3, TRUE, TRUE),
(2, 921, 8, 691.54, 4, TRUE, TRUE),
(3, 819, 8, 532.3, 4, TRUE, FALSE),
(3, 882, 3, 311.68, 5, TRUE, TRUE),
(3, 104, 5, 665.78, 3, TRUE, TRUE),
(3, 348, 5, 677.54, 5, TRUE, FALSE),
(3, 374, 5, 269.22, 3, TRUE, TRUE),
(3, 684, 3, 202.98, 5, FALSE, FALSE),
(3, 871, 4, 408.68, 4, TRUE, FALSE),
(3, 439, 9, 512.76, 1, FALSE, TRUE),
(3, 986, 1, 505.96, 2, FALSE, FALSE),
(3, 191, 9, 601.92, 5, FALSE, FALSE),
(3, 314, 1, 566.9, 2, TRUE, TRUE),
(3, 577, 6, 119.6, 3, TRUE, FALSE),
(3, 290, 5, 681.05, 3, FALSE, FALSE),
(3, 595, 1, 303.51, 1, TRUE, TRUE),
(3, 583, 1, 454.02, 4, TRUE, TRUE),
(3, 591, 3, 500.71, 2, TRUE, TRUE),
(3, 877, 4, 201.28, 2, TRUE, FALSE),
(3, 995, 1, 555.4, 2, FALSE, FALSE),
(3, 809, 2, 487.16, 4, TRUE, FALSE),
(3, 236, 3, 523.51, 1, TRUE, FALSE),
(3, 651, 2, 653.83, 4, TRUE, FALSE),
(3, 340, 3, 669.45, 2, FALSE, FALSE),
(4, 307, 10, 167.7, 3, TRUE, TRUE),
(4, 122, 1, 448.67, 1, TRUE, TRUE),
(4, 345, 3, 414.46, 1, TRUE, TRUE),
(4, 282, 9, 585.42, 4, TRUE, TRUE),
(4, 614, 7, 771.96, 3, TRUE, FALSE),
(4, 718, 10, 631.15, 1, TRUE, FALSE),
(4, 941, 6, 324.14, 4, FALSE, FALSE),
(4, 784, 6, 101.9, 1, TRUE, FALSE),
(4, 599, 9, 598.95, 1, FALSE, TRUE),
(4, 810, 8, 610.91, 3, FALSE, TRUE),
(4, 746, 7, 606.52, 4, FALSE, FALSE),
(4, 860, 10, 251.06, 5, FALSE, TRUE),
(4, 520, 8, 462.03, 4, TRUE, FALSE),
(4, 624, 8, 406.64, 3, TRUE, TRUE),
(4, 363, 8, 208.07, 5, FALSE, FALSE),
(4, 436, 6, 344.59, 1, TRUE, TRUE),
(5, 752, 8, 692.24, 4, FALSE, FALSE),
(5, 738, 9, 203.74, 5, TRUE, TRUE),
(5, 652, 4, 519.36, 1, FALSE, TRUE),
(5, 928, 3, 256.43, 2, TRUE, TRUE),
(5, 554, 3, 283.53, 5, FALSE, TRUE),
(5, 781, 1, 650.14, 5, TRUE, TRUE),
(5, 604, 10, 124.38, 3, FALSE, FALSE),
(5, 949, 6, 782.58, 2, TRUE, TRUE),
(5, 479, 6, 129.24, 1, FALSE, FALSE),
(5, 831, 8, 401.8, 4, TRUE, FALSE),
(5, 844, 9, 687.23, 3, FALSE, TRUE),
(5, 991, 7, 523.64, 2, FALSE, TRUE),
(5, 993, 4, 630.23, 5, FALSE, FALSE),
(5, 640, 4, 286.34, 2, TRUE, FALSE),
(5, 331, 1, 231.97, 2, FALSE, TRUE),
(5, 542, 1, 786.16, 3, TRUE, TRUE),
(5, 815, 5, 110.44, 2, TRUE, FALSE),
(5, 811, 8, 385.54, 5, FALSE, FALSE),
(5, 397, 10, 274.13, 5, TRUE, TRUE),
(5, 402, 7, 349.35, 1, FALSE, FALSE),
(5, 898, 1, 756.71, 4, FALSE, FALSE),
(5, 354, 5, 708.32, 3, TRUE, FALSE),
(5, 219, 3, 341.05, 2, TRUE, FALSE),
(5, 459, 5, 747.04, 4, FALSE, FALSE),
(6, 115, 7, 341.28, 3, FALSE, FALSE),
(6, 287, 6, 724.7, 1, FALSE, FALSE),
(6, 670, 8, 389.64, 4, TRUE, FALSE),
(6, 632, 10, 640.71, 2, FALSE, TRUE),
(6, 481, 8, 479.82, 2, FALSE, TRUE),
(6, 387, 3, 696.45, 2, TRUE, FALSE),
(6, 975, 3, 643.7, 3, TRUE, FALSE),
(6, 898, 5, 498.45, 2, FALSE, TRUE),
(6, 966, 8, 412.78, 4, TRUE, FALSE),
(6, 201, 8, 455.76, 4, TRUE, FALSE),
(6, 811, 9, 446.14, 5, TRUE, TRUE),
(6, 143, 8, 470.56, 4, TRUE, TRUE),
(6, 449, 5, 619.44, 5, TRUE, FALSE),
(7, 271, 2, 742.43, 2, FALSE, TRUE),
(7, 611, 4, 378.67, 3, TRUE, TRUE),
(7, 643, 1, 601.61, 3, FALSE, FALSE),
(7, 388, 6, 177.19, 5, TRUE, TRUE),
(7, 624, 4, 779.17, 5, FALSE, FALSE),
(7, 213, 8, 670.56, 5, TRUE, TRUE),
(7, 585, 5, 738.04, 3, FALSE, FALSE),
(7, 800, 6, 437.5, 5, FALSE, TRUE),
(7, 773, 1, 554.8, 4, FALSE, TRUE),
(7, 499, 10, 157.07, 5, TRUE, TRUE),
(7, 406, 5, 141.32, 5, TRUE, TRUE),
(7, 843, 5, 149.12, 2, FALSE, FALSE),
(7, 665, 10, 387.2, 2, TRUE, TRUE),
(7, 503, 5, 86.86, 5, FALSE, FALSE),
(7, 673, 4, 277.1, 3, TRUE, FALSE),
(7, 312, 7, 406.01, 5, FALSE, FALSE),
(7, 359, 5, 333.92, 5, TRUE, TRUE),
(7, 871, 8, 482.53, 5, TRUE, TRUE),
(7, 633, 3, 460.15, 4, FALSE, FALSE),
(7, 453, 1, 275.74, 2, TRUE, FALSE),
(7, 493, 8, 606.42, 2, FALSE, FALSE),
(7, 410, 7, 505.78, 2, TRUE, FALSE),
(8, 563, 2, 203.35, 3, TRUE, FALSE),
(8, 482, 8, 637.42, 2, FALSE, FALSE),
(8, 622, 7, 781.84, 1, TRUE, TRUE),
(8, 494, 6, 91.74, 5, FALSE, TRUE),
(8, 454, 1, 767.08, 3, TRUE, FALSE),
(8, 141, 9, 108.49, 3, TRUE, FALSE),
(8, 627, 4, 97.9, 4, FALSE, FALSE),
(8, 381, 6, 361.35, 1, FALSE, FALSE),
(8, 390, 6, 631.86, 4, FALSE, FALSE),
(8, 308, 1, 447.5, 3, FALSE, FALSE),
(8, 700, 10, 539.99, 5, FALSE, FALSE),
(8, 575, 3, 480.3, 5, FALSE, FALSE),
(8, 541, 3, 610.66, 4, TRUE, TRUE),
(8, 121, 3, 498.69, 4, FALSE, TRUE),
(8, 386, 3, 167.62, 3, FALSE, FALSE),
(8, 453, 5, 473.48, 3, TRUE, TRUE),
(8, 987, 8, 284.51, 4, FALSE, FALSE),
(8, 450, 3, 181.78, 4, FALSE, FALSE),
(8, 501, 6, 702.66, 5, TRUE, FALSE),
(9, 185, 5, 118.0, 3, FALSE, FALSE),
(9, 831, 1, 710.34, 5, FALSE, TRUE),
(9, 246, 4, 564.16, 4, TRUE, TRUE),
(9, 309, 6, 794.88, 4, TRUE, FALSE),
(9, 428, 9, 76.97, 3, FALSE, TRUE),
(9, 420, 2, 527.26, 1, FALSE, TRUE),
(9, 465, 1, 360.42, 3, FALSE, FALSE),
(9, 993, 5, 261.75, 2, FALSE, TRUE),
(9, 121, 5, 202.78, 3, FALSE, TRUE),
(9, 151, 9, 678.81, 4, TRUE, TRUE),
(9, 622, 10, 442.25, 4, TRUE, TRUE),
(10, 874, 10, 128.2, 4, TRUE, TRUE),
(10, 811, 8, 708.97, 1, FALSE, FALSE),
(10, 898, 5, 772.2, 1, TRUE, TRUE),
(10, 911, 4, 359.54, 2, FALSE, TRUE),
(10, 107, 10, 315.79, 4, TRUE, TRUE),
(10, 285, 10, 677.99, 4, TRUE, TRUE),
(10, 295, 8, 745.51, 1, FALSE, FALSE),
(10, 538, 6, 182.28, 4, FALSE, TRUE),
(10, 720, 4, 397.16, 2, TRUE, TRUE),
(10, 454, 5, 773.43, 3, TRUE, FALSE),
(10, 918, 3, 497.61, 5, TRUE, FALSE),
(10, 443, 1, 474.91, 2, FALSE, FALSE),
(10, 669, 4, 727.58, 1, FALSE, TRUE),
(10, 902, 1, 359.89, 4, FALSE, FALSE),
(10, 791, 6, 203.6, 1, TRUE, FALSE),
(10, 523, 5, 320.24, 2, TRUE, TRUE),
(10, 134, 7, 463.75, 3, TRUE, TRUE),
(11, 444, 8, 211.26, 1, FALSE, TRUE),
(11, 731, 5, 542.4, 3, TRUE, FALSE),
(11, 225, 3, 766.72, 4, TRUE, TRUE),
(11, 158, 4, 324.73, 4, FALSE, TRUE),
(11, 199, 10, 219.69, 5, TRUE, TRUE),
(11, 973, 9, 380.27, 4, TRUE, TRUE),
(11, 749, 5, 293.22, 2, TRUE, TRUE),
(11, 860, 9, 595.02, 4, FALSE, FALSE),
(11, 969, 9, 133.42, 2, TRUE, TRUE),
(11, 210, 5, 798.03, 3, FALSE, TRUE),
(11, 873, 9, 106.1, 2, TRUE, FALSE),
(11, 617, 7, 450.17, 1, TRUE, TRUE),
(11, 373, 3, 486.47, 3, TRUE, TRUE),
(11, 189, 2, 191.35, 4, TRUE, TRUE),
(11, 348, 2, 118.78, 3, FALSE, TRUE),
(11, 839, 7, 119.18, 2, FALSE, TRUE),
(11, 345, 10, 615.49, 1, TRUE, FALSE),
(12, 787, 2, 168.92, 5, TRUE, TRUE),
(12, 498, 10, 741.09, 5, TRUE, FALSE),
(12, 469, 8, 786.52, 3, FALSE, FALSE),
(12, 655, 9, 142.81, 2, TRUE, TRUE),
(12, 523, 3, 94.43, 2, TRUE, FALSE),
(12, 629, 4, 754.11, 4, TRUE, TRUE),
(12, 272, 9, 590.74, 1, TRUE, TRUE),
(12, 606, 7, 378.47, 5, TRUE, FALSE),
(12, 578, 9, 718.29, 2, TRUE, FALSE),
(12, 666, 5, 627.68, 1, FALSE, FALSE),
(12, 322, 9, 527.08, 1, TRUE, FALSE),
(12, 514, 4, 523.01, 3, TRUE, TRUE),
(12, 243, 1, 249.37, 2, TRUE, FALSE),
(12, 596, 8, 674.29, 3, FALSE, FALSE),
(12, 621, 10, 155.83, 1, TRUE, FALSE),
(12, 326, 8, 260.1, 2, FALSE, FALSE),
(12, 835, 6, 315.57, 5, FALSE, TRUE),
(12, 492, 9, 723.36, 4, TRUE, TRUE),
(12, 699, 4, 177.39, 5, TRUE, TRUE),
(12, 563, 8, 162.4, 5, TRUE, FALSE),
(12, 214, 10, 111.39, 2, TRUE, TRUE),
(12, 942, 8, 503.78, 2, FALSE, FALSE),
(12, 162, 3, 623.44, 5, FALSE, FALSE),
(12, 500, 4, 582.46, 1, FALSE, TRUE),
(12, 518, 2, 211.78, 3, TRUE, FALSE),
(13, 939, 6, 572.93, 5, FALSE, FALSE),
(13, 342, 8, 684.42, 1, FALSE, TRUE),
(13, 582, 8, 768.2, 4, FALSE, TRUE),
(13, 810, 8, 606.23, 2, FALSE, FALSE),
(13, 335, 9, 377.09, 4, FALSE, TRUE),
(13, 676, 6, 339.19, 5, TRUE, TRUE),
(13, 853, 9, 683.97, 4, FALSE, FALSE),
(13, 437, 8, 499.67, 5, FALSE, FALSE),
(13, 552, 5, 767.16, 1, FALSE, TRUE),
(13, 356, 7, 333.01, 5, TRUE, FALSE),
(13, 188, 4, 372.35, 2, FALSE, TRUE),
(13, 503, 8, 402.91, 3, TRUE, TRUE),
(13, 669, 2, 462.79, 5, TRUE, FALSE),
(13, 888, 6, 382.98, 3, FALSE, TRUE),
(13, 312, 2, 238.73, 2, FALSE, FALSE),
(13, 152, 6, 494.31, 5, FALSE, FALSE),
(13, 790, 10, 144.44, 4, FALSE, TRUE),
(13, 411, 2, 296.31, 5, TRUE, TRUE),
(13, 703, 1, 756.0, 2, TRUE, TRUE),
(13, 445, 5, 541.38, 5, FALSE, FALSE),
(13, 531, 9, 569.46, 1, FALSE, TRUE),
(13, 253, 10, 145.09, 2, TRUE, TRUE),
(13, 555, 5, 142.91, 2, TRUE, TRUE),
(13, 205, 4, 84.2, 3, TRUE, TRUE),
(13, 739, 9, 566.2, 5, FALSE, TRUE),
(14, 623, 10, 99.41, 1, TRUE, TRUE),
(14, 967, 6, 755.42, 4, TRUE, TRUE),
(14, 268, 3, 382.36, 5, FALSE, FALSE),
(14, 130, 5, 239.73, 4, TRUE, TRUE),
(14, 634, 6, 700.99, 1, TRUE, TRUE),
(14, 422, 2, 360.0, 4, TRUE, FALSE),
(14, 377, 7, 393.6, 3, TRUE, FALSE),
(14, 240, 7, 294.79, 1, TRUE, FALSE),
(14, 325, 4, 96.23, 4, FALSE, FALSE),
(14, 717, 1, 155.05, 3, FALSE, TRUE),
(14, 148, 8, 465.02, 5, TRUE, TRUE),
(14, 365, 3, 334.07, 1, FALSE, TRUE),
(14, 843, 6, 487.93, 2, TRUE, FALSE),
(14, 781, 3, 590.43, 4, TRUE, FALSE),
(14, 626, 1, 414.51, 3, TRUE, FALSE),
(14, 384, 1, 265.21, 1, TRUE, FALSE),
(14, 860, 7, 765.52, 2, TRUE, FALSE),
(14, 236, 1, 636.67, 4, FALSE, TRUE),
(14, 565, 2, 743.17, 1, TRUE, FALSE),
(14, 103, 7, 197.73, 3, TRUE, FALSE),
(14, 474, 7, 106.64, 3, TRUE, FALSE),
(14, 248, 6, 375.67, 5, TRUE, FALSE),
(14, 664, 9, 547.11, 5, TRUE, FALSE),
(14, 794, 5, 481.4, 4, FALSE, FALSE),
(15, 409, 9, 330.07, 3, FALSE, FALSE),
(15, 866, 6, 429.11, 5, TRUE, TRUE),
(15, 215, 2, 517.87, 5, TRUE, FALSE),
(15, 548, 7, 277.43, 3, TRUE, TRUE),
(15, 895, 8, 420.37, 4, FALSE, FALSE),
(15, 171, 1, 718.99, 5, TRUE, FALSE),
(15, 830, 1, 549.2, 1, TRUE, TRUE),
(15, 633, 7, 661.82, 5, TRUE, FALSE),
(15, 353, 8, 558.49, 5, TRUE, FALSE),
(15, 668, 3, 405.93, 3, FALSE, TRUE),
(15, 620, 4, 545.36, 2, FALSE, TRUE),
(15, 222, 10, 529.94, 1, FALSE, FALSE),
(15, 774, 2, 176.48, 4, FALSE, FALSE),
(15, 456, 1, 300.77, 4, FALSE, TRUE),
(15, 804, 4, 590.91, 3, TRUE, FALSE),
(15, 880, 7, 778.11, 1, FALSE, TRUE),
(15, 882, 6, 259.57, 4, TRUE, TRUE),
(16, 913, 7, 564.95, 2, TRUE, TRUE),
(16, 531, 3, 636.64, 3, FALSE, TRUE),
(16, 209, 5, 236.27, 2, FALSE, FALSE),
(16, 679, 3, 641.72, 2, FALSE, FALSE),
(16, 247, 6, 569.5, 1, TRUE, FALSE),
(16, 660, 7, 761.95, 4, TRUE, TRUE),
(16, 989, 5, 390.33, 4, TRUE, FALSE),
(16, 958, 4, 623.18, 5, FALSE, TRUE),
(16, 424, 5, 528.4, 5, TRUE, FALSE),
(16, 136, 8, 356.41, 1, FALSE, FALSE),
(16, 269, 7, 537.81, 3, FALSE, FALSE),
(16, 112, 3, 655.78, 3, TRUE, FALSE),
(16, 833, 4, 541.46, 2, FALSE, TRUE),
(16, 549, 2, 294.35, 2, FALSE, TRUE),
(16, 570, 4, 365.83, 4, TRUE, TRUE),
(16, 663, 10, 617.92, 2, TRUE, TRUE),
(16, 466, 8, 460.27, 2, FALSE, TRUE),
(16, 162, 6, 431.61, 5, TRUE, FALSE),
(16, 553, 4, 387.6, 4, FALSE, TRUE),
(16, 892, 10, 478.67, 2, FALSE, FALSE),
(17, 561, 5, 780.7, 4, FALSE, TRUE),
(17, 586, 9, 156.88, 5, TRUE, TRUE),
(17, 636, 4, 178.63, 2, FALSE, FALSE),
(17, 619, 4, 703.32, 1, TRUE, FALSE),
(17, 641, 8, 795.96, 4, FALSE, TRUE),
(17, 253, 2, 497.76, 2, FALSE, FALSE),
(17, 805, 10, 216.66, 3, FALSE, FALSE),
(17, 504, 4, 470.86, 1, FALSE, FALSE),
(17, 899, 10, 254.34, 4, TRUE, TRUE),
(17, 979, 7, 531.72, 3, TRUE, FALSE),
(17, 555, 3, 101.65, 5, TRUE, TRUE),
(17, 718, 5, 86.31, 1, TRUE, FALSE),
(17, 441, 10, 709.93, 2, TRUE, FALSE),
(18, 244, 5, 608.56, 2, TRUE, FALSE),
(18, 913, 2, 632.88, 3, FALSE, TRUE),
(18, 823, 8, 478.78, 4, TRUE, FALSE),
(18, 415, 3, 525.37, 5, TRUE, FALSE),
(18, 954, 3, 132.62, 2, FALSE, FALSE),
(18, 785, 1, 643.2, 3, FALSE, TRUE),
(18, 821, 5, 748.53, 5, TRUE, TRUE),
(18, 601, 9, 139.23, 2, FALSE, TRUE),
(18, 218, 3, 606.61, 2, FALSE, FALSE),
(18, 979, 10, 720.16, 5, FALSE, TRUE),
(18, 284, 8, 317.16, 5, TRUE, FALSE),
(18, 786, 10, 400.43, 2, FALSE, TRUE),
(18, 608, 9, 266.22, 2, FALSE, TRUE),
(18, 717, 3, 447.34, 4, TRUE, TRUE),
(18, 924, 1, 625.15, 1, TRUE, TRUE),
(18, 465, 9, 107.0, 1, FALSE, TRUE),
(18, 910, 9, 366.12, 5, FALSE, TRUE),
(18, 564, 10, 777.22, 4, TRUE, TRUE),
(18, 973, 2, 267.89, 2, FALSE, TRUE),
(18, 589, 1, 712.5, 4, TRUE, TRUE),
(18, 658, 2, 575.3, 5, TRUE, TRUE),
(18, 178, 3, 452.16, 3, TRUE, FALSE),
(18, 769, 5, 153.67, 2, FALSE, FALSE),
(18, 369, 2, 641.16, 4, FALSE, TRUE),
(19, 965, 3, 760.1, 4, FALSE, FALSE),
(19, 561, 9, 399.95, 3, TRUE, FALSE),
(19, 525, 9, 87.05, 2, TRUE, TRUE),
(19, 393, 3, 619.68, 1, TRUE, TRUE),
(19, 827, 5, 697.83, 2, FALSE, FALSE),
(19, 696, 3, 123.96, 1, TRUE, TRUE),
(19, 153, 10, 276.06, 5, TRUE, TRUE),
(19, 722, 10, 269.29, 3, TRUE, TRUE),
(19, 652, 2, 435.71, 2, TRUE, TRUE),
(19, 353, 7, 182.37, 5, FALSE, TRUE),
(19, 220, 1, 668.67, 2, TRUE, FALSE),
(19, 116, 8, 182.19, 3, TRUE, TRUE),
(19, 571, 2, 463.08, 2, FALSE, FALSE),
(20, 332, 3, 260.26, 3, FALSE, FALSE),
(20, 766, 6, 595.31, 2, TRUE, FALSE),
(20, 151, 8, 229.48, 4, TRUE, FALSE),
(20, 673, 8, 681.94, 4, TRUE, TRUE),
(20, 726, 4, 791.92, 1, FALSE, FALSE),
(20, 631, 7, 603.73, 5, FALSE, FALSE),
(20, 894, 6, 416.76, 1, FALSE, TRUE),
(20, 972, 1, 504.83, 1, FALSE, TRUE),
(20, 921, 7, 641.11, 1, FALSE, FALSE),
(20, 450, 6, 334.09, 5, TRUE, TRUE),
(20, 241, 4, 415.85, 3, FALSE, FALSE),
(20, 218, 10, 462.34, 1, TRUE, FALSE),
(20, 340, 8, 482.32, 4, TRUE, FALSE),
(20, 253, 6, 474.09, 2, TRUE, FALSE),
(20, 960, 9, 782.64, 5, FALSE, TRUE),
(20, 703, 1, 617.58, 5, FALSE, FALSE),
(20, 445, 3, 573.41, 3, TRUE, TRUE),
(20, 313, 1, 687.96, 1, TRUE, FALSE),
(20, 368, 1, 535.57, 3, TRUE, FALSE),
(20, 232, 9, 166.38, 5, FALSE, TRUE),
(20, 264, 5, 226.47, 2, FALSE, FALSE),
(20, 692, 2, 236.06, 1, FALSE, TRUE),
(20, 710, 2, 619.02, 4, TRUE, FALSE),
(20, 358, 7, 265.04, 1, TRUE, TRUE),
(21, 743, 2, 227.92, 1, FALSE, FALSE),
(21, 554, 1, 125.83, 3, FALSE, TRUE),
(21, 965, 6, 190.41, 2, TRUE, TRUE),
(21, 492, 6, 396.22, 4, TRUE, FALSE),
(21, 111, 3, 798.57, 4, FALSE, FALSE),
(21, 904, 5, 399.69, 1, FALSE, TRUE),
(21, 732, 10, 490.47, 1, FALSE, FALSE),
(21, 403, 2, 656.88, 2, FALSE, TRUE),
(21, 558, 3, 587.0, 5, FALSE, TRUE),
(21, 222, 3, 770.57, 1, FALSE, FALSE),
(21, 120, 2, 767.78, 5, TRUE, TRUE),
(21, 465, 6, 251.11, 3, TRUE, FALSE),
(21, 894, 8, 587.47, 4, FALSE, FALSE),
(21, 348, 1, 750.83, 5, FALSE, TRUE),
(21, 174, 9, 398.58, 5, TRUE, FALSE),
(22, 905, 10, 563.58, 3, TRUE, FALSE),
(22, 456, 4, 312.53, 3, FALSE, FALSE),
(22, 965, 9, 432.46, 5, TRUE, FALSE),
(22, 581, 4, 670.05, 5, FALSE, TRUE),
(22, 599, 8, 198.01, 3, FALSE, FALSE),
(22, 698, 5, 651.93, 3, FALSE, TRUE),
(22, 846, 3, 531.34, 2, TRUE, FALSE),
(22, 638, 4, 662.12, 5, FALSE, FALSE),
(22, 308, 1, 791.9, 2, TRUE, TRUE),
(22, 266, 10, 444.52, 5, FALSE, TRUE),
(22, 745, 8, 692.97, 3, TRUE, TRUE),
(22, 559, 8, 192.02, 1, FALSE, TRUE),
(22, 164, 2, 222.89, 2, TRUE, FALSE),
(22, 928, 4, 469.66, 3, TRUE, FALSE),
(23, 411, 9, 541.19, 4, FALSE, FALSE),
(23, 888, 2, 791.66, 3, TRUE, TRUE),
(23, 291, 1, 466.44, 4, FALSE, FALSE),
(23, 257, 4, 729.18, 2, TRUE, TRUE),
(23, 825, 2, 355.18, 4, TRUE, TRUE),
(23, 662, 3, 670.34, 2, FALSE, TRUE),
(23, 718, 10, 742.3, 2, FALSE, TRUE),
(23, 330, 1, 505.54, 1, FALSE, FALSE),
(23, 963, 5, 120.01, 5, TRUE, FALSE),
(23, 893, 8, 653.69, 5, FALSE, FALSE),
(23, 337, 4, 164.54, 2, FALSE, TRUE),
(23, 657, 6, 157.67, 4, FALSE, TRUE),
(23, 247, 6, 799.24, 3, FALSE, TRUE),
(23, 225, 2, 737.4, 5, FALSE, FALSE),
(23, 508, 8, 642.71, 5, TRUE, TRUE),
(23, 356, 4, 649.36, 4, TRUE, TRUE),
(23, 602, 10, 786.85, 3, FALSE, FALSE),
(23, 780, 9, 724.51, 4, TRUE, TRUE),
(23, 161, 5, 653.76, 4, FALSE, FALSE),
(23, 312, 5, 92.97, 3, FALSE, FALSE),
(23, 176, 9, 172.49, 1, FALSE, TRUE),
(23, 924, 6, 409.87, 5, TRUE, FALSE),
(23, 340, 10, 751.27, 4, FALSE, TRUE),
(24, 856, 7, 773.51, 1, FALSE, TRUE),
(24, 495, 6, 155.74, 5, FALSE, FALSE),
(24, 593, 5, 487.61, 5, TRUE, TRUE),
(24, 146, 7, 752.41, 4, FALSE, TRUE),
(24, 246, 4, 786.53, 4, FALSE, TRUE),
(24, 516, 6, 182.95, 5, FALSE, TRUE),
(24, 711, 4, 604.85, 2, TRUE, TRUE),
(24, 666, 5, 414.89, 2, FALSE, FALSE),
(24, 578, 10, 291.94, 4, TRUE, TRUE),
(24, 525, 4, 82.21, 3, TRUE, FALSE),
(24, 636, 7, 666.08, 4, FALSE, FALSE),
(24, 417, 9, 322.01, 1, TRUE, TRUE),
(24, 411, 1, 533.98, 4, TRUE, FALSE),
(24, 362, 5, 174.34, 1, TRUE, FALSE),
(24, 401, 4, 488.7, 4, FALSE, FALSE),
(24, 973, 9, 471.97, 1, TRUE, TRUE),
(24, 173, 2, 493.5, 2, TRUE, TRUE),
(24, 280, 5, 532.49, 5, TRUE, FALSE),
(24, 726, 4, 364.59, 2, TRUE, FALSE),
(24, 788, 2, 720.84, 5, FALSE, TRUE),
(24, 817, 9, 689.94, 1, TRUE, TRUE),
(24, 473, 1, 762.56, 4, TRUE, FALSE),
(25, 154, 2, 195.75, 1, FALSE, FALSE),
(25, 647, 7, 413.8, 1, TRUE, FALSE),
(25, 710, 2, 486.94, 5, FALSE, TRUE),
(25, 910, 6, 408.01, 4, TRUE, FALSE),
(25, 990, 4, 224.9, 4, FALSE, TRUE),
(25, 630, 5, 103.56, 5, FALSE, TRUE),
(25, 388, 8, 210.71, 4, TRUE, TRUE),
(25, 886, 6, 625.82, 1, TRUE, FALSE),
(25, 992, 8, 751.67, 2, FALSE, TRUE),
(25, 348, 1, 778.61, 2, FALSE, TRUE),
(25, 772, 1, 732.6, 5, FALSE, FALSE),
(25, 266, 8, 256.84, 2, FALSE, FALSE),
(25, 927, 9, 325.28, 1, TRUE, TRUE),
(25, 736, 1, 425.87, 4, FALSE, TRUE),
(25, 252, 9, 580.36, 5, FALSE, FALSE),
(25, 138, 8, 289.39, 3, FALSE, TRUE),
(25, 407, 7, 331.92, 2, TRUE, FALSE),
(25, 467, 4, 271.16, 5, FALSE, TRUE),
(25, 881, 3, 475.11, 3, TRUE, FALSE),
(25, 949, 10, 795.62, 3, TRUE, FALSE),
(26, 927, 7, 450.85, 5, FALSE, TRUE),
(26, 465, 6, 620.35, 4, FALSE, FALSE),
(26, 940, 10, 591.81, 1, FALSE, TRUE),
(26, 177, 9, 622.26, 2, TRUE, TRUE),
(26, 733, 2, 645.79, 4, TRUE, TRUE),
(26, 995, 9, 285.82, 2, TRUE, TRUE),
(26, 914, 5, 442.87, 2, TRUE, TRUE),
(26, 792, 4, 226.87, 4, TRUE, TRUE),
(26, 178, 1, 684.37, 2, FALSE, FALSE),
(26, 956, 9, 87.84, 4, TRUE, TRUE),
(26, 612, 3, 686.56, 2, FALSE, TRUE),
(26, 682, 8, 81.94, 4, FALSE, FALSE),
(26, 499, 9, 659.74, 3, FALSE, FALSE),
(26, 886, 4, 167.43, 3, FALSE, TRUE),
(26, 475, 1, 611.3, 5, FALSE, FALSE),
(26, 130, 5, 780.37, 2, TRUE, FALSE),
(26, 411, 2, 555.51, 1, FALSE, FALSE),
(26, 654, 6, 321.19, 5, TRUE, FALSE),
(26, 145, 9, 271.72, 5, FALSE, TRUE),
(26, 395, 8, 502.47, 4, FALSE, TRUE),
(26, 302, 6, 652.26, 1, TRUE, FALSE),
(26, 720, 1, 464.86, 5, TRUE, TRUE),
(26, 112, 10, 99.06, 4, TRUE, FALSE),
(26, 947, 8, 280.59, 1, FALSE, TRUE),
(26, 915, 10, 297.75, 5, TRUE, TRUE),
(27, 887, 7, 373.01, 5, FALSE, TRUE),
(27, 166, 6, 787.88, 4, TRUE, TRUE),
(27, 259, 3, 580.92, 3, FALSE, TRUE),
(27, 409, 8, 258.0, 2, TRUE, FALSE),
(27, 730, 3, 356.42, 3, TRUE, TRUE),
(27, 569, 4, 637.91, 4, FALSE, TRUE),
(27, 396, 7, 421.66, 1, FALSE, FALSE),
(27, 367, 6, 664.17, 1, TRUE, TRUE),
(27, 768, 5, 695.75, 1, TRUE, FALSE),
(27, 108, 9, 210.19, 4, FALSE, TRUE),
(27, 964, 7, 798.43, 5, TRUE, FALSE),
(28, 235, 10, 734.31, 2, FALSE, FALSE),
(28, 382, 6, 324.37, 4, FALSE, FALSE),
(28, 286, 1, 275.84, 4, FALSE, TRUE),
(28, 507, 10, 234.04, 1, TRUE, FALSE),
(28, 176, 4, 457.87, 1, FALSE, TRUE),
(28, 480, 1, 609.31, 1, FALSE, FALSE),
(28, 152, 4, 375.75, 3, TRUE, FALSE),
(28, 833, 9, 551.93, 2, TRUE, FALSE),
(28, 132, 4, 339.02, 1, FALSE, FALSE),
(28, 727, 5, 524.13, 3, TRUE, TRUE),
(29, 919, 1, 743.76, 4, FALSE, FALSE),
(29, 339, 6, 615.79, 3, TRUE, TRUE),
(29, 929, 3, 84.63, 5, FALSE, TRUE),
(29, 417, 7, 528.91, 1, TRUE, TRUE),
(29, 217, 8, 181.39, 5, TRUE, FALSE),
(29, 891, 10, 591.78, 2, FALSE, FALSE),
(29, 371, 10, 522.95, 1, FALSE, TRUE),
(29, 822, 1, 550.45, 4, FALSE, FALSE),
(29, 204, 3, 584.85, 5, TRUE, FALSE),
(29, 690, 4, 119.17, 1, FALSE, TRUE),
(29, 201, 10, 377.01, 2, FALSE, FALSE),
(29, 324, 9, 305.43, 2, FALSE, TRUE),
(29, 360, 7, 123.75, 2, FALSE, FALSE),
(29, 382, 8, 672.3, 5, TRUE, FALSE),
(29, 569, 3, 95.55, 5, FALSE, FALSE),
(29, 812, 2, 543.88, 1, FALSE, TRUE),
(29, 703, 1, 340.28, 1, TRUE, TRUE),
(29, 671, 1, 112.49, 1, TRUE, TRUE),
(30, 356, 7, 346.02, 4, TRUE, FALSE),
(30, 850, 8, 646.0, 2, FALSE, FALSE),
(30, 363, 3, 426.61, 5, FALSE, FALSE),
(30, 478, 8, 230.27, 1, TRUE, TRUE),
(30, 730, 8, 290.6, 3, TRUE, TRUE),
(30, 258, 4, 681.91, 1, TRUE, FALSE),
(30, 305, 5, 468.26, 3, TRUE, TRUE),
(30, 923, 2, 720.83, 3, FALSE, TRUE),
(30, 199, 7, 657.65, 3, TRUE, TRUE),
(30, 751, 3, 159.34, 4, TRUE, TRUE),
(30, 209, 9, 176.72, 2, FALSE, FALSE),
(30, 160, 1, 231.12, 4, TRUE, FALSE),
(30, 594, 10, 438.59, 1, FALSE, FALSE),
(30, 217, 8, 301.8, 3, TRUE, FALSE),
(30, 818, 2, 263.61, 2, TRUE, TRUE),
(30, 453, 10, 110.17, 2, FALSE, FALSE),
(30, 690, 4, 649.63, 3, TRUE, TRUE),
(30, 299, 5, 505.78, 5, FALSE, TRUE),
(30, 795, 1, 657.01, 5, FALSE, TRUE),
(30, 241, 9, 767.05, 5, FALSE, TRUE),
(30, 630, 6, 214.27, 1, TRUE, TRUE),
(30, 532, 4, 240.68, 3, FALSE, TRUE),
(30, 679, 2, 472.7, 2, TRUE, FALSE),
(30, 758, 6, 503.55, 1, FALSE, FALSE),
(31, 353, 7, 471.42, 1, FALSE, TRUE),
(31, 638, 3, 630.21, 3, FALSE, TRUE),
(31, 466, 10, 599.28, 5, TRUE, TRUE),
(31, 162, 2, 254.65, 4, TRUE, TRUE),
(31, 786, 10, 732.53, 1, FALSE, TRUE),
(31, 596, 1, 132.42, 2, TRUE, FALSE),
(31, 384, 10, 513.72, 5, TRUE, FALSE),
(31, 908, 8, 354.08, 4, TRUE, TRUE),
(31, 480, 9, 414.27, 1, FALSE, FALSE),
(31, 365, 6, 316.84, 5, FALSE, FALSE),
(31, 348, 10, 340.43, 4, TRUE, FALSE),
(31, 721, 2, 145.67, 2, TRUE, TRUE),
(31, 179, 10, 519.61, 2, TRUE, FALSE),
(31, 381, 10, 744.42, 5, TRUE, TRUE),
(32, 584, 6, 618.5, 5, TRUE, TRUE),
(32, 216, 10, 183.93, 4, FALSE, FALSE),
(32, 580, 10, 635.05, 2, FALSE, TRUE),
(32, 483, 3, 674.93, 2, TRUE, FALSE),
(32, 380, 9, 200.44, 4, TRUE, TRUE),
(32, 112, 2, 645.7, 2, FALSE, FALSE),
(32, 837, 3, 431.37, 2, TRUE, FALSE),
(32, 228, 6, 297.51, 5, FALSE, FALSE),
(32, 648, 8, 469.86, 3, FALSE, TRUE),
(32, 168, 3, 288.02, 3, TRUE, TRUE),
(32, 137, 2, 545.68, 1, TRUE, FALSE),
(32, 574, 10, 513.59, 4, TRUE, FALSE),
(32, 390, 2, 611.38, 4, FALSE, TRUE),
(32, 852, 4, 742.48, 3, TRUE, FALSE),
(32, 686, 1, 356.63, 4, FALSE, FALSE),
(32, 749, 7, 545.66, 2, TRUE, TRUE),
(32, 481, 4, 650.47, 2, TRUE, TRUE),
(32, 258, 10, 78.83, 3, FALSE, FALSE),
(32, 606, 7, 469.12, 5, FALSE, TRUE),
(32, 367, 1, 350.97, 5, TRUE, FALSE),
(32, 203, 3, 430.68, 2, TRUE, TRUE),
(32, 792, 10, 705.27, 1, FALSE, FALSE),
(32, 756, 3, 198.56, 1, TRUE, TRUE),
(33, 474, 4, 375.13, 4, FALSE, TRUE),
(33, 292, 9, 766.37, 2, FALSE, FALSE),
(33, 204, 3, 750.99, 1, TRUE, TRUE),
(33, 409, 4, 720.29, 4, FALSE, TRUE),
(33, 633, 7, 530.75, 3, FALSE, FALSE),
(33, 486, 2, 382.51, 3, FALSE, FALSE),
(33, 773, 1, 378.46, 3, TRUE, TRUE),
(33, 957, 7, 641.01, 1, TRUE, TRUE),
(33, 744, 3, 775.57, 4, FALSE, FALSE),
(33, 632, 2, 386.24, 2, TRUE, TRUE),
(33, 657, 3, 357.98, 5, FALSE, TRUE),
(33, 937, 8, 172.61, 1, TRUE, TRUE),
(34, 676, 8, 293.18, 1, FALSE, TRUE),
(34, 224, 3, 725.53, 1, FALSE, FALSE),
(34, 778, 4, 273.05, 2, FALSE, FALSE),
(34, 860, 7, 598.85, 4, TRUE, TRUE),
(34, 390, 6, 104.65, 4, TRUE, FALSE),
(34, 810, 2, 734.28, 2, FALSE, TRUE),
(34, 632, 2, 102.46, 2, FALSE, TRUE),
(34, 742, 4, 624.99, 1, TRUE, TRUE),
(34, 684, 5, 162.59, 5, TRUE, TRUE),
(34, 345, 6, 76.75, 2, TRUE, TRUE),
(35, 233, 5, 495.67, 1, FALSE, FALSE),
(35, 870, 4, 652.59, 2, TRUE, FALSE),
(35, 254, 7, 217.0, 3, TRUE, FALSE),
(35, 172, 1, 327.32, 5, FALSE, TRUE),
(35, 559, 7, 558.18, 4, FALSE, FALSE),
(35, 114, 5, 550.07, 3, FALSE, FALSE),
(35, 732, 6, 279.57, 2, TRUE, FALSE),
(35, 501, 6, 186.32, 5, TRUE, FALSE),
(35, 158, 8, 741.57, 4, TRUE, TRUE),
(35, 781, 10, 759.78, 3, TRUE, FALSE),
(35, 557, 7, 139.07, 1, TRUE, FALSE),
(35, 541, 10, 485.89, 5, FALSE, TRUE),
(35, 298, 2, 404.0, 4, FALSE, FALSE),
(35, 931, 3, 690.42, 4, TRUE, TRUE),
(35, 264, 4, 467.14, 5, TRUE, TRUE),
(35, 916, 9, 559.73, 3, TRUE, FALSE),
(35, 766, 6, 704.63, 4, TRUE, TRUE),
(35, 113, 9, 759.59, 4, TRUE, TRUE),
(35, 639, 9, 751.58, 3, FALSE, TRUE),
(35, 800, 8, 163.33, 4, TRUE, FALSE),
(36, 327, 2, 796.06, 1, TRUE, TRUE),
(36, 996, 4, 549.52, 1, FALSE, FALSE),
(36, 762, 6, 402.99, 2, TRUE, TRUE),
(36, 424, 1, 130.8, 3, FALSE, FALSE),
(36, 969, 7, 628.53, 2, FALSE, TRUE),
(36, 394, 1, 725.37, 4, TRUE, TRUE),
(36, 889, 2, 106.69, 5, FALSE, TRUE),
(36, 136, 1, 231.59, 3, FALSE, FALSE),
(36, 139, 1, 521.55, 1, TRUE, FALSE),
(36, 845, 7, 579.14, 4, TRUE, FALSE),
(36, 570, 6, 523.28, 4, FALSE, TRUE),
(36, 600, 7, 513.97, 2, FALSE, TRUE),
(36, 318, 3, 737.5, 2, TRUE, TRUE),
(36, 494, 3, 251.91, 2, FALSE, FALSE),
(36, 268, 10, 699.88, 5, TRUE, FALSE),
(36, 887, 8, 792.79, 3, TRUE, TRUE),
(36, 307, 5, 598.24, 5, TRUE, FALSE),
(36, 345, 6, 599.13, 2, FALSE, TRUE),
(36, 478, 7, 189.4, 3, FALSE, TRUE),
(36, 903, 4, 301.59, 5, FALSE, FALSE),
(36, 555, 9, 159.62, 4, FALSE, TRUE),
(36, 971, 6, 168.17, 4, FALSE, FALSE),
(36, 589, 6, 543.13, 2, TRUE, TRUE),
(36, 437, 1, 193.13, 3, FALSE, TRUE),
(37, 352, 7, 257.62, 2, FALSE, TRUE),
(37, 427, 6, 644.98, 2, FALSE, TRUE),
(37, 779, 9, 676.41, 3, TRUE, FALSE),
(37, 176, 10, 727.94, 2, TRUE, FALSE),
(37, 106, 5, 799.38, 2, TRUE, TRUE),
(37, 416, 8, 310.15, 3, TRUE, FALSE),
(37, 402, 4, 266.37, 1, TRUE, FALSE),
(37, 112, 7, 390.65, 4, FALSE, FALSE),
(37, 278, 4, 529.61, 4, TRUE, FALSE),
(37, 396, 5, 487.74, 4, TRUE, TRUE),
(37, 450, 3, 606.41, 3, FALSE, FALSE),
(37, 165, 4, 621.85, 2, FALSE, TRUE),
(37, 877, 6, 516.37, 5, FALSE, TRUE),
(37, 316, 7, 422.2, 1, TRUE, FALSE),
(37, 122, 8, 408.34, 1, FALSE, FALSE),
(37, 822, 8, 503.51, 1, FALSE, TRUE),
(37, 766, 1, 593.41, 1, FALSE, TRUE),
(37, 937, 9, 689.01, 4, FALSE, TRUE),
(37, 926, 6, 726.71, 5, TRUE, TRUE),
(37, 305, 4, 678.79, 5, FALSE, FALSE),
(37, 377, 2, 140.94, 2, TRUE, FALSE),
(37, 836, 1, 566.7, 1, FALSE, TRUE),
(38, 353, 3, 90.37, 4, TRUE, TRUE),
(38, 783, 8, 594.61, 5, FALSE, TRUE),
(38, 976, 4, 770.15, 2, FALSE, TRUE),
(38, 180, 6, 690.69, 5, TRUE, FALSE),
(38, 268, 4, 459.19, 4, FALSE, FALSE),
(38, 633, 9, 470.32, 5, FALSE, TRUE),
(38, 486, 8, 177.82, 4, TRUE, TRUE),
(38, 196, 9, 373.82, 4, FALSE, TRUE),
(38, 273, 2, 169.07, 1, TRUE, TRUE),
(38, 538, 4, 190.67, 3, FALSE, FALSE),
(38, 236, 10, 575.38, 5, FALSE, TRUE),
(38, 716, 4, 188.31, 4, TRUE, FALSE),
(39, 724, 7, 771.16, 4, FALSE, FALSE),
(39, 105, 2, 358.79, 3, TRUE, FALSE),
(39, 189, 2, 793.65, 3, TRUE, TRUE),
(39, 655, 2, 584.4, 2, TRUE, FALSE),
(39, 212, 2, 160.97, 3, FALSE, FALSE),
(39, 245, 10, 443.09, 2, FALSE, TRUE),
(39, 172, 2, 506.43, 4, TRUE, FALSE),
(39, 147, 4, 360.65, 1, FALSE, FALSE),
(39, 768, 9, 175.85, 1, TRUE, TRUE),
(39, 334, 8, 243.86, 2, FALSE, TRUE),
(39, 626, 6, 731.98, 3, TRUE, TRUE),
(39, 368, 7, 283.89, 4, FALSE, FALSE),
(39, 207, 7, 439.38, 4, FALSE, FALSE),
(39, 184, 5, 740.17, 5, TRUE, FALSE),
(39, 792, 4, 261.78, 4, TRUE, TRUE),
(39, 791, 9, 586.38, 1, FALSE, FALSE),
(40, 925, 9, 197.72, 2, FALSE, FALSE),
(40, 471, 1, 199.16, 4, TRUE, FALSE),
(40, 286, 4, 561.16, 2, TRUE, TRUE),
(40, 408, 9, 95.79, 5, TRUE, FALSE),
(40, 578, 7, 85.85, 4, FALSE, FALSE),
(40, 546, 10, 288.21, 1, TRUE, TRUE),
(40, 892, 9, 212.22, 5, FALSE, FALSE),
(40, 103, 3, 469.35, 2, TRUE, FALSE),
(40, 461, 5, 379.25, 4, FALSE, FALSE),
(40, 717, 7, 441.88, 4, FALSE, FALSE),
(40, 434, 2, 104.8, 4, FALSE, FALSE),
(40, 363, 8, 467.89, 4, TRUE, TRUE),
(40, 285, 4, 567.28, 4, TRUE, TRUE),
(40, 788, 4, 115.41, 5, TRUE, FALSE),
(41, 383, 3, 546.06, 4, TRUE, FALSE),
(41, 899, 4, 659.28, 1, FALSE, TRUE),
(41, 870, 2, 211.81, 2, TRUE, TRUE),
(41, 886, 6, 676.67, 2, FALSE, TRUE),
(41, 146, 5, 464.5, 3, FALSE, TRUE),
(41, 289, 5, 319.16, 2, TRUE, FALSE),
(41, 249, 5, 758.15, 1, TRUE, TRUE),
(41, 433, 3, 509.57, 4, FALSE, TRUE),
(41, 911, 10, 318.39, 1, FALSE, TRUE),
(41, 691, 3, 296.41, 4, FALSE, TRUE),
(41, 419, 2, 727.59, 4, TRUE, TRUE),
(42, 759, 7, 312.93, 3, FALSE, FALSE),
(42, 554, 5, 215.46, 5, FALSE, TRUE),
(42, 598, 3, 265.09, 1, TRUE, TRUE),
(42, 232, 5, 618.99, 2, TRUE, FALSE),
(42, 878, 4, 119.02, 4, TRUE, TRUE),
(42, 583, 2, 634.1, 1, FALSE, TRUE),
(42, 531, 1, 293.04, 2, TRUE, TRUE),
(42, 223, 6, 589.37, 3, FALSE, TRUE),
(42, 661, 1, 235.24, 3, TRUE, TRUE),
(42, 741, 4, 745.87, 4, TRUE, FALSE),
(42, 625, 4, 305.74, 5, FALSE, TRUE),
(42, 924, 8, 240.9, 5, TRUE, FALSE),
(42, 185, 6, 409.94, 5, TRUE, TRUE),
(43, 510, 9, 106.01, 3, TRUE, TRUE),
(43, 717, 5, 339.88, 5, TRUE, FALSE),
(43, 433, 8, 290.91, 1, FALSE, TRUE),
(43, 701, 9, 362.41, 4, FALSE, FALSE),
(43, 957, 9, 316.94, 3, TRUE, TRUE),
(43, 180, 2, 444.52, 1, TRUE, TRUE),
(43, 548, 1, 544.8, 4, TRUE, FALSE),
(43, 583, 6, 744.21, 5, FALSE, TRUE),
(43, 286, 3, 274.4, 3, FALSE, TRUE),
(43, 111, 10, 621.67, 1, TRUE, FALSE),
(44, 514, 10, 560.41, 3, FALSE, TRUE),
(44, 620, 5, 710.81, 2, TRUE, FALSE),
(44, 492, 5, 212.93, 3, TRUE, FALSE),
(44, 151, 10, 280.75, 2, TRUE, TRUE),
(44, 605, 3, 227.3, 3, TRUE, FALSE),
(44, 694, 1, 360.46, 3, FALSE, TRUE),
(44, 554, 9, 326.03, 5, TRUE, FALSE),
(44, 213, 3, 113.64, 3, TRUE, TRUE),
(44, 173, 7, 423.93, 3, FALSE, TRUE),
(44, 461, 10, 444.34, 1, TRUE, FALSE),
(44, 196, 2, 765.89, 4, TRUE, TRUE),
(44, 236, 10, 572.51, 1, FALSE, TRUE),
(44, 822, 2, 188.97, 1, TRUE, FALSE),
(44, 327, 3, 330.17, 2, TRUE, FALSE),
(44, 677, 5, 235.66, 4, TRUE, TRUE),
(44, 800, 5, 683.01, 4, FALSE, TRUE),
(44, 486, 8, 205.52, 4, FALSE, TRUE),
(44, 853, 5, 295.86, 2, TRUE, TRUE),
(44, 585, 6, 467.88, 5, FALSE, FALSE),
(45, 393, 7, 625.76, 5, TRUE, TRUE),
(45, 101, 7, 526.0, 2, TRUE, TRUE),
(45, 196, 1, 792.19, 2, TRUE, TRUE),
(45, 689, 4, 543.12, 1, TRUE, TRUE),
(45, 654, 9, 732.09, 1, TRUE, FALSE),
(45, 910, 4, 636.43, 1, FALSE, TRUE),
(45, 346, 4, 556.31, 3, TRUE, FALSE),
(45, 365, 9, 568.55, 4, TRUE, FALSE),
(45, 803, 7, 355.6, 2, TRUE, TRUE),
(45, 380, 4, 378.92, 1, TRUE, FALSE),
(45, 960, 3, 366.73, 1, TRUE, FALSE),
(45, 599, 7, 644.06, 3, FALSE, TRUE),
(45, 135, 6, 97.35, 1, TRUE, TRUE),
(45, 209, 4, 521.03, 3, FALSE, TRUE),
(45, 255, 9, 420.02, 2, TRUE, FALSE),
(45, 877, 1, 91.33, 3, FALSE, FALSE),
(45, 310, 5, 312.2, 2, FALSE, TRUE),
(45, 710, 6, 358.98, 5, TRUE, FALSE),
(45, 529, 1, 104.45, 1, FALSE, FALSE),
(45, 232, 9, 85.28, 2, TRUE, TRUE),
(45, 884, 6, 175.08, 4, FALSE, FALSE),
(45, 330, 10, 741.11, 1, FALSE, TRUE),
(46, 305, 6, 585.19, 4, FALSE, TRUE),
(46, 854, 8, 534.94, 1, TRUE, FALSE),
(46, 404, 6, 240.8, 4, TRUE, FALSE),
(46, 524, 5, 133.19, 5, TRUE, TRUE),
(46, 964, 7, 659.5, 4, TRUE, FALSE),
(46, 240, 4, 258.17, 5, TRUE, TRUE),
(46, 865, 8, 334.05, 3, TRUE, FALSE),
(46, 308, 3, 389.52, 4, TRUE, FALSE),
(46, 466, 8, 571.4, 5, FALSE, TRUE),
(46, 310, 7, 626.68, 1, TRUE, TRUE),
(46, 514, 10, 724.17, 1, FALSE, FALSE),
(46, 365, 3, 450.41, 5, FALSE, FALSE),
(46, 558, 6, 289.23, 2, FALSE, FALSE),
(46, 486, 5, 373.55, 1, FALSE, FALSE),
(46, 243, 6, 463.76, 2, TRUE, TRUE),
(46, 451, 6, 679.04, 3, TRUE, TRUE),
(46, 560, 9, 364.72, 4, TRUE, FALSE),
(46, 694, 9, 466.75, 4, TRUE, TRUE),
(46, 787, 4, 626.82, 2, FALSE, TRUE),
(46, 905, 3, 122.78, 1, FALSE, FALSE),
(46, 455, 4, 615.21, 1, FALSE, TRUE),
(46, 691, 9, 575.37, 2, TRUE, FALSE),
(47, 898, 10, 464.74, 4, FALSE, TRUE),
(47, 861, 5, 328.31, 2, FALSE, TRUE),
(47, 707, 5, 507.2, 1, FALSE, TRUE),
(47, 367, 4, 233.59, 5, FALSE, FALSE),
(47, 598, 8, 408.42, 5, FALSE, FALSE),
(47, 113, 5, 620.17, 5, FALSE, TRUE),
(47, 860, 8, 269.18, 5, TRUE, TRUE),
(47, 354, 10, 200.22, 4, TRUE, TRUE),
(47, 465, 7, 614.18, 1, TRUE, FALSE),
(47, 669, 6, 372.73, 5, FALSE, TRUE),
(47, 992, 6, 302.41, 5, TRUE, TRUE),
(47, 921, 4, 83.89, 5, FALSE, FALSE),
(47, 320, 2, 531.6, 4, TRUE, TRUE),
(47, 799, 9, 262.81, 5, FALSE, TRUE),
(47, 634, 7, 476.27, 4, FALSE, TRUE),
(47, 186, 2, 377.5, 2, TRUE, TRUE),
(47, 499, 7, 708.84, 2, FALSE, TRUE),
(47, 456, 1, 625.96, 3, FALSE, TRUE),
(47, 283, 4, 677.12, 4, TRUE, FALSE),
(47, 973, 8, 429.26, 2, TRUE, FALSE),
(48, 214, 3, 670.35, 4, TRUE, FALSE),
(48, 898, 7, 447.59, 2, FALSE, FALSE),
(48, 105, 8, 84.07, 1, FALSE, TRUE),
(48, 495, 7, 535.56, 1, FALSE, TRUE),
(48, 592, 9, 748.5, 3, TRUE, FALSE),
(48, 238, 4, 659.52, 3, FALSE, TRUE),
(48, 526, 1, 148.65, 4, TRUE, TRUE),
(48, 936, 10, 638.29, 4, FALSE, FALSE),
(48, 524, 2, 690.33, 2, FALSE, TRUE),
(48, 499, 5, 660.57, 2, TRUE, TRUE),
(48, 644, 4, 791.71, 5, TRUE, TRUE),
(48, 320, 4, 126.44, 5, FALSE, FALSE),
(48, 719, 4, 252.45, 2, FALSE, FALSE),
(1, 242, 6, 351.16, 5, FALSE, FALSE),
(1, 667, 10, 426.06, 1, FALSE, FALSE),
(1, 926, 10, 323.77, 4, TRUE, FALSE),
(1, 529, 9, 164.26, 3, TRUE, TRUE),
(1, 330, 9, 255.39, 3, TRUE, TRUE),
(1, 163, 8, 146.68, 3, FALSE, FALSE),
(1, 989, 6, 504.43, 5, TRUE, FALSE),
(1, 173, 10, 221.41, 3, FALSE, TRUE),
(1, 202, 1, 555.08, 5, TRUE, FALSE),
(1, 685, 4, 396.29, 4, FALSE, FALSE),
(1, 934, 5, 152.52, 4, TRUE, FALSE),
(1, 156, 5, 166.17, 3, FALSE, TRUE),
(1, 682, 3, 366.65, 2, TRUE, FALSE),
(1, 480, 5, 327.91, 1, TRUE, TRUE),
(1, 940, 7, 286.18, 3, TRUE, FALSE),
(1, 551, 5, 440.04, 5, TRUE, FALSE),
(1, 269, 2, 519.55, 1, FALSE, FALSE),
(1, 616, 10, 103.01, 2, FALSE, TRUE),
(1, 936, 3, 588.38, 1, TRUE, TRUE),
(1, 525, 2, 411.55, 1, FALSE, FALSE),
(2, 724, 2, 323.87, 3, FALSE, TRUE),
(2, 746, 3, 208.39, 3, FALSE, FALSE),
(2, 234, 9, 403.54, 3, FALSE, FALSE),
(2, 657, 4, 394.08, 4, TRUE, FALSE),
(2, 996, 4, 367.61, 1, TRUE, FALSE),
(2, 712, 6, 363.65, 4, FALSE, TRUE),
(2, 924, 9, 251.75, 3, FALSE, TRUE),
(2, 866, 7, 392.57, 1, TRUE, TRUE),
(2, 125, 2, 101.28, 5, TRUE, TRUE),
(2, 655, 10, 593.89, 2, FALSE, TRUE),
(2, 216, 2, 352.29, 2, FALSE, TRUE),
(2, 975, 3, 168.66, 4, FALSE, TRUE),
(2, 532, 6, 342.22, 2, FALSE, FALSE),
(2, 971, 5, 170.44, 3, FALSE, FALSE),
(2, 768, 5, 280.77, 4, TRUE, TRUE),
(2, 571, 8, 318.98, 3, TRUE, FALSE),
(2, 416, 9, 562.54, 1, TRUE, FALSE),
(2, 972, 8, 418.66, 1, TRUE, FALSE),
(2, 935, 2, 594.89, 3, FALSE, TRUE),
(2, 309, 8, 424.56, 1, TRUE, FALSE),
(3, 982, 4, 107.6, 5, FALSE, TRUE),
(3, 434, 2, 174.25, 4, TRUE, TRUE),
(3, 353, 9, 359.91, 5, TRUE, FALSE),
(3, 431, 7, 163.6, 5, FALSE, TRUE),
(3, 754, 3, 507.53, 5, TRUE, TRUE),
(3, 839, 1, 463.64, 4, TRUE, TRUE),
(3, 922, 8, 126.12, 5, TRUE, FALSE),
(3, 179, 6, 140.44, 4, TRUE, FALSE),
(3, 475, 9, 518.15, 2, FALSE, FALSE),
(3, 388, 3, 569.63, 4, FALSE, FALSE),
(3, 408, 2, 436.5, 2, TRUE, FALSE),
(3, 509, 3, 588.38, 4, TRUE, TRUE),
(3, 836, 3, 491.74, 2, TRUE, FALSE),
(3, 906, 2, 494.5, 2, TRUE, TRUE),
(3, 844, 3, 309.51, 5, TRUE, TRUE),
(3, 894, 1, 353.74, 1, TRUE, TRUE),
(3, 350, 7, 380.14, 2, TRUE, TRUE),
(3, 775, 10, 154.85, 5, TRUE, TRUE),
(3, 204, 5, 573.52, 2, TRUE, FALSE),
(3, 395, 5, 547.49, 2, FALSE, FALSE),
(4, 560, 1, 323.33, 1, TRUE, FALSE),
(4, 218, 9, 521.56, 5, FALSE, TRUE),
(4, 507, 4, 224.66, 4, TRUE, FALSE),
(4, 339, 2, 420.18, 3, FALSE, FALSE),
(4, 194, 5, 493.25, 5, TRUE, TRUE),
(4, 685, 2, 565.7, 1, TRUE, FALSE),
(4, 656, 9, 427.52, 1, TRUE, FALSE),
(4, 175, 3, 409.36, 2, TRUE, FALSE),
(4, 652, 4, 215.73, 3, FALSE, TRUE),
(4, 283, 5, 385.22, 2, TRUE, FALSE),
(4, 709, 3, 521.25, 5, FALSE, TRUE),
(4, 512, 7, 367.21, 4, FALSE, FALSE),
(4, 867, 2, 281.0, 3, FALSE, TRUE),
(4, 855, 8, 353.32, 2, TRUE, FALSE),
(4, 640, 5, 138.48, 3, TRUE, FALSE),
(4, 188, 10, 539.88, 2, FALSE, TRUE),
(4, 421, 7, 348.14, 1, TRUE, TRUE),
(4, 679, 8, 505.96, 4, TRUE, TRUE),
(4, 763, 5, 350.37, 5, FALSE, FALSE),
(4, 458, 7, 451.0, 1, FALSE, TRUE),
(5, 671, 1, 494.38, 2, FALSE, FALSE),
(5, 483, 6, 138.43, 2, TRUE, FALSE),
(5, 378, 7, 422.38, 1, TRUE, FALSE),
(5, 779, 2, 533.18, 2, FALSE, TRUE),
(5, 709, 2, 182.87, 2, FALSE, TRUE),
(5, 313, 7, 122.86, 1, FALSE, FALSE),
(5, 517, 10, 519.95, 2, TRUE, TRUE),
(5, 535, 5, 542.14, 5, FALSE, TRUE),
(5, 901, 5, 142.54, 4, TRUE, TRUE),
(5, 990, 9, 375.51, 2, FALSE, TRUE),
(5, 247, 10, 431.22, 3, FALSE, FALSE),
(5, 879, 6, 201.63, 3, FALSE, TRUE),
(5, 191, 3, 579.47, 1, TRUE, FALSE),
(5, 504, 1, 358.83, 3, FALSE, TRUE),
(5, 112, 6, 426.73, 4, FALSE, TRUE),
(5, 562, 6, 302.28, 2, TRUE, FALSE),
(5, 748, 9, 540.74, 2, FALSE, TRUE),
(5, 122, 7, 562.23, 3, TRUE, TRUE),
(5, 571, 9, 248.56, 1, FALSE, FALSE),
(5, 966, 7, 299.16, 4, FALSE, TRUE),
(6, 336, 7, 249.67, 1, FALSE, FALSE),
(6, 518, 2, 308.47, 3, FALSE, TRUE),
(6, 309, 10, 172.7, 4, FALSE, TRUE),
(6, 334, 5, 124.4, 5, FALSE, TRUE),
(6, 659, 10, 418.77, 3, TRUE, TRUE),
(6, 796, 5, 264.08, 2, TRUE, TRUE),
(6, 401, 2, 468.96, 1, TRUE, TRUE),
(6, 956, 10, 387.35, 2, TRUE, FALSE),
(6, 417, 5, 382.15, 3, FALSE, FALSE),
(6, 173, 6, 236.2, 3, FALSE, TRUE),
(6, 942, 10, 146.42, 5, FALSE, FALSE),
(6, 870, 10, 395.29, 2, TRUE, TRUE),
(6, 869, 7, 348.43, 4, FALSE, TRUE),
(6, 241, 2, 265.1, 4, FALSE, FALSE),
(6, 829, 6, 520.02, 2, FALSE, TRUE),
(6, 585, 1, 374.29, 3, TRUE, FALSE),
(6, 747, 2, 544.24, 2, FALSE, FALSE),
(6, 308, 3, 249.96, 1, FALSE, FALSE),
(6, 706, 4, 314.51, 4, TRUE, TRUE),
(6, 722, 7, 133.56, 4, TRUE, TRUE),
(7, 746, 2, 329.01, 1, TRUE, TRUE),
(7, 156, 1, 423.54, 2, FALSE, FALSE),
(7, 610, 2, 286.85, 2, TRUE, TRUE),
(7, 680, 7, 454.32, 1, FALSE, FALSE),
(7, 220, 4, 484.27, 5, FALSE, TRUE),
(7, 127, 4, 214.21, 2, FALSE, TRUE),
(7, 221, 8, 141.35, 5, FALSE, FALSE),
(7, 276, 7, 173.76, 4, FALSE, FALSE),
(7, 929, 3, 328.27, 1, TRUE, TRUE),
(7, 136, 6, 159.05, 3, TRUE, TRUE),
(7, 226, 7, 232.36, 2, FALSE, TRUE),
(7, 855, 4, 598.3, 1, TRUE, FALSE),
(7, 137, 6, 520.02, 3, FALSE, TRUE),
(7, 728, 7, 420.51, 1, FALSE, FALSE),
(7, 578, 8, 513.69, 1, FALSE, TRUE),
(7, 574, 1, 441.83, 3, FALSE, TRUE),
(7, 735, 8, 516.74, 3, TRUE, FALSE),
(7, 917, 1, 454.9, 1, TRUE, TRUE),
(7, 379, 10, 352.47, 4, TRUE, TRUE),
(7, 506, 1, 289.46, 4, FALSE, TRUE),
(8, 174, 1, 225.1, 5, TRUE, TRUE),
(8, 326, 6, 397.0, 2, FALSE, TRUE),
(8, 236, 10, 337.08, 2, TRUE, FALSE),
(8, 822, 2, 426.63, 3, FALSE, FALSE),
(8, 867, 5, 331.73, 4, TRUE, FALSE),
(8, 378, 6, 198.93, 4, FALSE, TRUE),
(8, 307, 1, 545.59, 2, TRUE, TRUE),
(8, 631, 8, 273.24, 1, FALSE, TRUE),
(8, 513, 1, 395.75, 2, TRUE, FALSE),
(8, 647, 4, 471.24, 5, FALSE, FALSE),
(8, 802, 10, 572.98, 5, TRUE, FALSE),
(8, 283, 2, 168.86, 3, FALSE, TRUE),
(8, 973, 9, 118.89, 1, TRUE, FALSE),
(8, 765, 6, 346.42, 2, FALSE, TRUE),
(8, 539, 5, 243.18, 5, TRUE, TRUE),
(8, 185, 6, 438.82, 1, FALSE, TRUE),
(8, 405, 4, 248.62, 4, FALSE, TRUE),
(8, 212, 6, 523.26, 2, TRUE, FALSE),
(8, 407, 10, 287.55, 2, TRUE, TRUE),
(8, 481, 6, 290.06, 1, FALSE, FALSE),
(9, 926, 3, 421.74, 4, TRUE, TRUE),
(9, 442, 8, 545.68, 2, TRUE, FALSE),
(9, 610, 10, 310.24, 1, FALSE, FALSE),
(9, 985, 4, 141.42, 2, TRUE, FALSE),
(9, 453, 2, 360.58, 5, TRUE, TRUE),
(9, 420, 2, 241.22, 1, FALSE, TRUE),
(9, 682, 8, 589.86, 4, TRUE, FALSE),
(9, 523, 8, 381.17, 4, FALSE, FALSE),
(9, 354, 10, 431.49, 1, TRUE, TRUE),
(9, 417, 3, 118.29, 2, TRUE, TRUE),
(9, 548, 7, 487.81, 2, FALSE, FALSE),
(9, 101, 4, 560.11, 1, TRUE, FALSE),
(9, 447, 3, 297.68, 2, FALSE, TRUE),
(9, 979, 4, 377.2, 4, TRUE, FALSE),
(9, 180, 9, 446.46, 1, TRUE, TRUE),
(9, 564, 7, 597.18, 3, FALSE, TRUE),
(9, 816, 6, 277.45, 3, TRUE, FALSE),
(9, 151, 10, 522.63, 1, TRUE, FALSE),
(9, 133, 6, 366.14, 4, TRUE, TRUE),
(9, 700, 6, 403.55, 1, TRUE, FALSE),
(10, 387, 4, 369.55, 3, TRUE, FALSE),
(10, 669, 8, 212.85, 3, TRUE, TRUE),
(10, 249, 3, 477.02, 2, FALSE, FALSE),
(10, 172, 10, 540.31, 3, TRUE, FALSE),
(10, 283, 5, 341.0, 4, TRUE, FALSE),
(10, 729, 3, 213.74, 4, FALSE, TRUE),
(10, 447, 9, 134.86, 2, FALSE, TRUE),
(10, 368, 1, 364.13, 2, TRUE, TRUE),
(10, 316, 5, 446.83, 2, TRUE, FALSE),
(10, 623, 10, 593.03, 2, FALSE, FALSE),
(10, 882, 7, 292.12, 5, TRUE, FALSE),
(10, 581, 5, 367.32, 4, TRUE, TRUE),
(10, 515, 3, 162.47, 1, FALSE, FALSE),
(10, 206, 8, 555.53, 3, TRUE, FALSE),
(10, 528, 3, 127.52, 3, TRUE, FALSE),
(10, 735, 1, 444.78, 4, TRUE, FALSE),
(10, 351, 6, 203.88, 1, FALSE, FALSE),
(10, 942, 5, 598.03, 1, FALSE, FALSE),
(10, 607, 6, 432.82, 2, FALSE, TRUE),
(10, 724, 8, 333.94, 4, FALSE, TRUE),
(11, 936, 3, 385.43, 1, TRUE, TRUE),
(11, 407, 8, 407.61, 3, FALSE, FALSE),
(11, 698, 2, 230.63, 1, TRUE, FALSE),
(11, 731, 2, 491.93, 3, FALSE, FALSE),
(11, 580, 10, 156.02, 4, FALSE, FALSE),
(11, 245, 5, 275.56, 3, FALSE, TRUE),
(11, 834, 4, 212.04, 2, TRUE, TRUE),
(11, 535, 10, 130.23, 3, TRUE, TRUE),
(11, 240, 10, 193.04, 5, TRUE, TRUE),
(11, 391, 9, 535.58, 5, FALSE, TRUE),
(11, 508, 9, 466.33, 1, FALSE, FALSE),
(11, 177, 1, 152.98, 5, TRUE, FALSE),
(11, 229, 7, 485.1, 4, FALSE, TRUE),
(11, 119, 5, 366.36, 4, FALSE, TRUE),
(11, 224, 7, 262.33, 2, FALSE, FALSE),
(11, 837, 7, 344.69, 5, FALSE, TRUE),
(11, 871, 1, 327.25, 1, TRUE, FALSE),
(11, 981, 5, 457.13, 3, FALSE, FALSE),
(11, 778, 4, 319.64, 3, TRUE, FALSE),
(11, 166, 1, 124.41, 5, TRUE, FALSE),
(12, 396, 7, 243.59, 5, TRUE, FALSE),
(12, 347, 1, 563.01, 2, FALSE, FALSE),
(12, 915, 6, 455.28, 3, FALSE, FALSE),
(12, 570, 5, 156.55, 1, FALSE, TRUE),
(12, 837, 9, 391.02, 5, FALSE, TRUE),
(12, 787, 2, 188.23, 2, FALSE, FALSE),
(12, 853, 4, 325.65, 3, TRUE, TRUE),
(12, 763, 9, 417.37, 2, FALSE, FALSE),
(12, 708, 2, 413.41, 2, FALSE, FALSE),
(12, 761, 8, 160.32, 4, FALSE, FALSE),
(12, 679, 3, 590.48, 1, FALSE, FALSE),
(12, 771, 4, 240.89, 2, TRUE, FALSE),
(12, 113, 4, 279.14, 5, FALSE, FALSE),
(12, 324, 9, 408.7, 2, FALSE, TRUE),
(12, 294, 5, 252.43, 1, TRUE, FALSE),
(12, 401, 9, 219.21, 3, FALSE, TRUE),
(12, 208, 3, 574.98, 5, FALSE, TRUE),
(12, 234, 3, 178.15, 5, TRUE, TRUE),
(12, 558, 10, 299.64, 3, TRUE, FALSE),
(12, 711, 1, 187.19, 1, FALSE, TRUE),
(13, 651, 4, 569.14, 1, FALSE, FALSE),
(13, 353, 8, 369.52, 3, FALSE, FALSE),
(13, 777, 3, 533.67, 5, TRUE, TRUE),
(13, 487, 3, 459.93, 2, FALSE, TRUE),
(13, 195, 3, 453.35, 2, FALSE, FALSE),
(13, 211, 8, 489.66, 4, TRUE, FALSE),
(13, 963, 8, 145.3, 3, FALSE, FALSE),
(13, 104, 2, 415.27, 2, FALSE, FALSE),
(13, 723, 4, 463.26, 3, FALSE, TRUE),
(13, 505, 5, 575.92, 1, FALSE, FALSE),
(13, 766, 10, 205.63, 2, TRUE, FALSE),
(13, 317, 5, 424.78, 3, FALSE, TRUE),
(13, 632, 7, 593.16, 1, TRUE, FALSE),
(13, 661, 10, 469.89, 2, FALSE, FALSE),
(13, 350, 5, 397.53, 3, FALSE, TRUE),
(13, 893, 4, 161.22, 4, TRUE, FALSE),
(13, 884, 7, 306.17, 4, FALSE, FALSE),
(13, 264, 1, 525.23, 1, TRUE, TRUE),
(13, 315, 3, 436.95, 4, TRUE, FALSE),
(13, 796, 8, 302.61, 3, FALSE, FALSE),
(14, 288, 7, 351.25, 1, TRUE, FALSE),
(14, 849, 6, 556.42, 1, TRUE, TRUE),
(14, 995, 8, 414.99, 2, TRUE, FALSE),
(14, 102, 7, 119.98, 4, TRUE, FALSE),
(14, 743, 7, 133.9, 1, FALSE, FALSE),
(14, 399, 2, 349.42, 4, FALSE, TRUE),
(14, 179, 3, 529.45, 3, TRUE, TRUE),
(14, 568, 9, 536.4, 2, FALSE, TRUE),
(14, 822, 10, 239.46, 3, TRUE, FALSE),
(14, 771, 7, 233.09, 5, TRUE, FALSE),
(14, 223, 7, 114.11, 5, FALSE, TRUE),
(14, 956, 7, 577.12, 3, TRUE, TRUE),
(14, 650, 5, 121.01, 5, FALSE, FALSE),
(14, 139, 6, 332.19, 2, TRUE, FALSE),
(14, 201, 4, 583.43, 4, FALSE, FALSE),
(14, 659, 8, 106.77, 1, TRUE, TRUE),
(14, 412, 6, 350.44, 1, FALSE, TRUE),
(14, 453, 4, 553.31, 2, FALSE, FALSE),
(14, 895, 9, 584.27, 4, TRUE, TRUE),
(14, 115, 6, 138.96, 2, FALSE, TRUE),
(15, 128, 1, 376.13, 4, FALSE, FALSE),
(15, 860, 2, 546.46, 5, TRUE, TRUE),
(15, 682, 5, 124.38, 2, FALSE, TRUE),
(15, 412, 10, 233.08, 5, TRUE, FALSE),
(15, 394, 6, 386.59, 4, FALSE, FALSE),
(15, 956, 10, 509.39, 2, FALSE, TRUE),
(15, 223, 10, 336.22, 1, FALSE, TRUE),
(15, 305, 5, 554.74, 1, TRUE, FALSE),
(15, 517, 2, 457.91, 5, FALSE, FALSE),
(15, 676, 5, 413.06, 3, TRUE, FALSE),
(15, 480, 1, 455.4, 1, FALSE, FALSE),
(15, 804, 10, 460.75, 1, TRUE, TRUE),
(15, 941, 9, 102.9, 2, FALSE, TRUE),
(15, 313, 7, 562.32, 2, FALSE, FALSE),
(15, 593, 8, 298.79, 3, TRUE, FALSE),
(15, 342, 9, 129.76, 5, TRUE, TRUE),
(15, 815, 5, 286.05, 2, FALSE, FALSE),
(15, 150, 4, 488.1, 2, FALSE, TRUE),
(15, 781, 7, 113.79, 4, TRUE, FALSE),
(15, 939, 10, 251.68, 1, FALSE, FALSE),
(16, 919, 8, 584.45, 5, FALSE, TRUE),
(16, 292, 10, 288.19, 3, FALSE, TRUE),
(16, 675, 7, 530.71, 1, TRUE, FALSE),
(16, 676, 1, 481.31, 2, FALSE, TRUE),
(16, 102, 7, 378.04, 4, TRUE, FALSE),
(16, 283, 7, 187.46, 1, TRUE, FALSE),
(16, 176, 5, 234.69, 4, TRUE, FALSE),
(16, 233, 1, 321.39, 2, FALSE, TRUE),
(16, 880, 5, 395.99, 3, FALSE, TRUE),
(16, 782, 5, 502.01, 1, FALSE, FALSE),
(16, 700, 10, 449.53, 2, FALSE, FALSE),
(16, 799, 7, 175.62, 1, FALSE, TRUE),
(16, 888, 5, 154.62, 4, FALSE, TRUE),
(16, 504, 8, 334.06, 4, TRUE, TRUE),
(16, 133, 3, 510.21, 1, TRUE, FALSE),
(16, 173, 6, 131.05, 1, FALSE, TRUE),
(16, 699, 4, 482.75, 4, TRUE, FALSE),
(16, 396, 3, 243.94, 3, FALSE, FALSE),
(16, 907, 4, 283.53, 2, FALSE, FALSE),
(16, 571, 7, 427.88, 2, FALSE, FALSE),
(17, 957, 1, 415.84, 5, FALSE, FALSE),
(17, 159, 3, 527.52, 1, FALSE, FALSE),
(17, 881, 2, 437.34, 2, TRUE, TRUE),
(17, 303, 9, 379.15, 3, FALSE, FALSE),
(17, 411, 3, 571.33, 3, TRUE, FALSE),
(17, 271, 6, 134.9, 4, FALSE, FALSE),
(17, 787, 10, 495.22, 3, FALSE, FALSE),
(17, 311, 1, 117.18, 2, TRUE, FALSE),
(17, 529, 7, 165.8, 2, TRUE, TRUE),
(17, 868, 5, 386.68, 3, TRUE, FALSE),
(17, 665, 7, 230.49, 4, FALSE, FALSE),
(17, 491, 7, 330.29, 4, TRUE, FALSE),
(17, 500, 4, 302.61, 2, FALSE, FALSE),
(17, 608, 4, 294.26, 5, FALSE, TRUE),
(17, 654, 4, 406.9, 5, TRUE, FALSE),
(17, 539, 9, 200.27, 1, FALSE, FALSE),
(17, 562, 9, 574.81, 5, FALSE, FALSE),
(17, 879, 4, 496.89, 1, TRUE, FALSE),
(17, 806, 2, 245.34, 4, FALSE, FALSE),
(17, 947, 4, 399.59, 4, TRUE, TRUE),
(18, 466, 8, 443.8, 4, TRUE, TRUE),
(18, 114, 6, 103.96, 3, TRUE, FALSE),
(18, 857, 1, 125.79, 3, FALSE, FALSE),
(18, 552, 10, 132.95, 3, TRUE, FALSE),
(18, 734, 2, 181.62, 4, FALSE, TRUE),
(18, 950, 9, 113.99, 3, FALSE, FALSE),
(18, 140, 9, 344.63, 2, TRUE, TRUE),
(18, 233, 6, 246.83, 2, TRUE, TRUE),
(18, 427, 2, 332.51, 5, FALSE, TRUE),
(18, 668, 5, 334.15, 4, FALSE, FALSE),
(18, 508, 4, 396.36, 5, TRUE, FALSE),
(18, 424, 10, 193.01, 3, TRUE, TRUE),
(18, 924, 7, 346.75, 2, FALSE, TRUE),
(18, 664, 10, 113.41, 4, TRUE, FALSE),
(18, 130, 4, 184.88, 4, TRUE, TRUE),
(18, 458, 10, 282.31, 4, TRUE, FALSE),
(18, 192, 8, 181.62, 1, FALSE, FALSE),
(18, 371, 9, 579.9, 1, FALSE, TRUE),
(18, 685, 3, 395.89, 5, TRUE, FALSE),
(18, 913, 7, 344.39, 3, FALSE, FALSE),
(19, 137, 6, 387.55, 5, FALSE, TRUE),
(19, 776, 7, 306.68, 4, TRUE, FALSE),
(19, 459, 7, 584.55, 1, TRUE, TRUE),
(19, 851, 6, 575.45, 5, FALSE, FALSE),
(19, 312, 3, 232.41, 1, TRUE, TRUE),
(19, 355, 6, 289.04, 3, TRUE, FALSE),
(19, 380, 5, 244.33, 2, TRUE, FALSE),
(19, 499, 2, 180.41, 3, TRUE, TRUE),
(19, 753, 1, 297.49, 5, TRUE, TRUE),
(19, 104, 2, 106.06, 3, FALSE, TRUE),
(19, 688, 2, 160.96, 3, FALSE, TRUE),
(19, 669, 8, 141.5, 2, FALSE, FALSE),
(19, 609, 2, 439.61, 2, FALSE, TRUE),
(19, 840, 9, 381.17, 3, TRUE, FALSE),
(19, 954, 9, 387.39, 1, TRUE, TRUE),
(19, 804, 4, 433.31, 2, TRUE, FALSE),
(19, 867, 10, 137.11, 3, FALSE, TRUE),
(19, 886, 2, 457.56, 1, FALSE, TRUE),
(19, 715, 7, 311.04, 4, FALSE, TRUE),
(19, 720, 8, 394.51, 2, FALSE, TRUE),
(20, 914, 4, 582.82, 2, TRUE, TRUE),
(20, 659, 6, 491.05, 5, TRUE, FALSE),
(20, 782, 4, 349.6, 4, FALSE, FALSE),
(20, 164, 6, 532.11, 4, TRUE, FALSE),
(20, 396, 5, 523.42, 3, TRUE, TRUE),
(20, 939, 1, 166.88, 5, FALSE, TRUE),
(20, 715, 1, 296.38, 2, TRUE, FALSE),
(20, 266, 4, 454.69, 1, FALSE, FALSE),
(20, 820, 5, 347.11, 1, FALSE, TRUE),
(20, 547, 10, 506.94, 1, FALSE, FALSE),
(20, 944, 8, 355.71, 2, TRUE, TRUE),
(20, 805, 9, 333.02, 5, TRUE, FALSE),
(20, 356, 7, 148.44, 2, TRUE, FALSE),
(20, 278, 3, 418.6, 5, TRUE, FALSE),
(20, 294, 6, 269.41, 4, FALSE, FALSE),
(20, 450, 5, 527.37, 3, FALSE, FALSE),
(20, 851, 9, 457.37, 3, TRUE, TRUE),
(20, 213, 2, 145.05, 4, TRUE, FALSE),
(20, 428, 1, 218.76, 4, FALSE, TRUE),
(20, 177, 5, 250.78, 5, TRUE, FALSE),
(21, 344, 10, 343.84, 4, FALSE, FALSE),
(21, 452, 9, 557.6, 5, TRUE, FALSE),
(21, 202, 9, 464.67, 2, FALSE, TRUE),
(21, 110, 3, 553.58, 4, FALSE, FALSE),
(21, 228, 7, 530.19, 3, FALSE, TRUE),
(21, 885, 7, 460.75, 2, TRUE, FALSE),
(21, 317, 6, 155.13, 1, TRUE, TRUE),
(21, 544, 9, 306.41, 5, FALSE, FALSE),
(21, 965, 7, 377.38, 5, FALSE, TRUE),
(21, 557, 8, 245.33, 4, FALSE, TRUE),
(21, 963, 8, 511.51, 2, FALSE, FALSE),
(21, 330, 9, 471.26, 5, FALSE, TRUE),
(21, 496, 7, 306.52, 4, TRUE, TRUE),
(21, 895, 9, 228.55, 1, FALSE, TRUE),
(21, 535, 1, 118.39, 4, FALSE, TRUE),
(21, 491, 1, 360.75, 2, FALSE, TRUE),
(21, 164, 6, 378.16, 5, FALSE, TRUE),
(21, 430, 4, 429.6, 5, TRUE, FALSE),
(21, 445, 4, 574.94, 4, TRUE, FALSE),
(21, 327, 2, 323.01, 3, TRUE, FALSE),
(22, 301, 6, 491.86, 3, FALSE, FALSE),
(22, 949, 9, 149.13, 5, FALSE, FALSE),
(22, 815, 1, 121.89, 3, FALSE, FALSE),
(22, 509, 5, 156.31, 1, TRUE, FALSE),
(22, 347, 2, 433.99, 2, FALSE, TRUE),
(22, 221, 6, 546.56, 4, TRUE, FALSE),
(22, 580, 8, 581.24, 2, TRUE, FALSE),
(22, 442, 5, 512.12, 4, FALSE, FALSE),
(22, 973, 1, 418.17, 3, FALSE, TRUE),
(22, 863, 1, 588.94, 1, TRUE, FALSE),
(22, 776, 7, 349.73, 1, FALSE, TRUE),
(22, 535, 7, 272.59, 2, FALSE, TRUE),
(22, 674, 4, 298.68, 1, TRUE, FALSE),
(22, 592, 6, 315.14, 2, TRUE, FALSE),
(22, 560, 5, 343.56, 4, TRUE, TRUE),
(22, 450, 3, 112.01, 3, FALSE, FALSE),
(22, 803, 4, 578.34, 5, FALSE, FALSE),
(22, 484, 1, 534.83, 5, FALSE, TRUE),
(22, 164, 4, 178.59, 1, FALSE, FALSE),
(22, 427, 6, 541.66, 3, FALSE, FALSE),
(23, 163, 5, 375.46, 3, FALSE, FALSE),
(23, 993, 10, 523.92, 5, FALSE, FALSE),
(23, 652, 1, 572.07, 3, FALSE, FALSE),
(23, 470, 3, 323.29, 3, TRUE, TRUE),
(23, 887, 6, 360.29, 4, FALSE, FALSE),
(23, 834, 9, 315.28, 4, TRUE, TRUE),
(23, 712, 1, 273.74, 4, TRUE, FALSE),
(23, 542, 2, 467.69, 3, FALSE, TRUE),
(23, 909, 9, 556.97, 2, FALSE, FALSE),
(23, 455, 4, 228.28, 1, TRUE, FALSE),
(23, 910, 1, 561.1, 3, FALSE, FALSE),
(23, 214, 6, 552.11, 5, TRUE, TRUE),
(23, 390, 1, 488.35, 2, FALSE, FALSE),
(23, 624, 1, 204.18, 2, FALSE, FALSE),
(23, 500, 9, 409.67, 3, TRUE, FALSE),
(23, 494, 1, 599.84, 4, FALSE, FALSE),
(23, 341, 3, 108.35, 1, TRUE, TRUE),
(23, 117, 10, 243.09, 5, TRUE, FALSE),
(23, 762, 9, 454.31, 5, TRUE, TRUE),
(23, 813, 2, 383.67, 4, TRUE, FALSE),
(24, 544, 9, 172.29, 4, TRUE, TRUE),
(24, 818, 9, 402.59, 3, TRUE, TRUE),
(24, 415, 1, 298.53, 2, FALSE, TRUE),
(24, 245, 4, 505.77, 1, TRUE, FALSE),
(24, 891, 3, 463.45, 1, FALSE, TRUE),
(24, 887, 3, 344.12, 5, TRUE, TRUE),
(24, 701, 7, 287.72, 5, TRUE, TRUE),
(24, 598, 9, 430.06, 5, FALSE, TRUE),
(24, 738, 8, 129.96, 3, TRUE, FALSE),
(24, 972, 3, 358.36, 2, TRUE, FALSE),
(24, 222, 10, 569.71, 5, TRUE, FALSE),
(24, 723, 10, 206.99, 4, TRUE, FALSE),
(24, 407, 3, 506.66, 5, TRUE, FALSE),
(24, 745, 1, 141.27, 2, FALSE, FALSE),
(24, 678, 9, 357.66, 1, FALSE, TRUE),
(24, 522, 8, 467.98, 5, TRUE, FALSE),
(24, 364, 8, 120.76, 5, FALSE, TRUE),
(24, 737, 4, 390.96, 4, TRUE, TRUE),
(24, 337, 9, 123.16, 1, FALSE, TRUE),
(24, 693, 6, 302.78, 1, TRUE, TRUE),
(25, 588, 2, 588.08, 3, FALSE, FALSE),
(25, 373, 7, 297.82, 3, FALSE, FALSE),
(25, 782, 5, 317.67, 3, TRUE, TRUE),
(25, 995, 3, 423.75, 2, TRUE, FALSE),
(25, 692, 3, 548.46, 3, TRUE, TRUE),
(25, 222, 6, 281.65, 3, TRUE, TRUE),
(25, 864, 5, 315.87, 3, TRUE, FALSE),
(25, 579, 4, 518.01, 3, TRUE, TRUE),
(25, 675, 6, 583.72, 5, TRUE, FALSE),
(25, 244, 1, 546.13, 2, TRUE, TRUE),
(25, 343, 4, 478.21, 3, FALSE, TRUE),
(25, 377, 3, 211.43, 2, TRUE, FALSE),
(25, 273, 5, 156.91, 1, TRUE, FALSE),
(25, 999, 8, 257.09, 1, TRUE, FALSE),
(25, 635, 7, 116.54, 5, TRUE, FALSE),
(25, 484, 3, 251.97, 2, FALSE, TRUE),
(25, 934, 6, 374.37, 2, FALSE, FALSE),
(25, 932, 2, 342.24, 5, TRUE, FALSE),
(25, 444, 7, 559.13, 1, TRUE, FALSE),
(25, 824, 9, 103.62, 4, FALSE, TRUE),
(26, 564, 5, 568.79, 4, TRUE, FALSE),
(26, 289, 5, 281.25, 2, FALSE, FALSE),
(26, 650, 4, 317.07, 2, FALSE, TRUE),
(26, 584, 5, 203.65, 3, TRUE, TRUE),
(26, 311, 2, 248.0, 5, TRUE, FALSE),
(26, 985, 1, 163.58, 1, FALSE, TRUE),
(26, 271, 4, 453.16, 3, FALSE, TRUE),
(26, 190, 8, 195.87, 3, FALSE, FALSE),
(26, 807, 1, 525.18, 1, FALSE, FALSE),
(26, 421, 4, 186.3, 5, TRUE, FALSE),
(26, 658, 1, 135.27, 3, TRUE, FALSE),
(26, 667, 8, 560.64, 5, TRUE, FALSE),
(26, 702, 4, 450.93, 4, FALSE, FALSE),
(26, 705, 3, 202.01, 4, TRUE, TRUE),
(26, 746, 10, 564.3, 4, TRUE, TRUE),
(26, 151, 9, 522.65, 5, FALSE, FALSE),
(26, 852, 9, 367.88, 2, TRUE, TRUE),
(26, 732, 9, 181.12, 2, TRUE, FALSE),
(26, 362, 5, 530.25, 3, TRUE, FALSE),
(26, 136, 8, 144.49, 2, FALSE, FALSE),
(27, 621, 4, 544.86, 2, FALSE, TRUE),
(27, 956, 9, 582.98, 5, TRUE, FALSE),
(27, 479, 10, 165.3, 1, FALSE, FALSE),
(27, 584, 5, 475.2, 4, TRUE, TRUE),
(27, 219, 1, 534.99, 4, TRUE, TRUE),
(27, 918, 7, 286.68, 3, TRUE, TRUE),
(27, 142, 1, 504.89, 2, TRUE, TRUE),
(27, 172, 5, 544.9, 1, TRUE, FALSE),
(27, 373, 7, 364.53, 2, TRUE, FALSE),
(27, 279, 7, 520.48, 2, FALSE, TRUE),
(27, 436, 1, 334.67, 5, FALSE, TRUE),
(27, 337, 5, 286.39, 3, TRUE, TRUE),
(27, 923, 4, 341.75, 1, TRUE, FALSE),
(27, 452, 2, 223.26, 4, TRUE, FALSE),
(27, 415, 3, 368.4, 5, FALSE, FALSE),
(27, 108, 8, 126.18, 5, TRUE, FALSE),
(27, 787, 10, 128.11, 3, TRUE, FALSE),
(27, 465, 6, 160.23, 3, FALSE, TRUE),
(27, 793, 3, 228.0, 4, FALSE, FALSE),
(27, 459, 4, 547.28, 1, TRUE, TRUE),
(28, 693, 3, 288.0, 1, TRUE, FALSE),
(28, 224, 3, 592.64, 3, FALSE, TRUE),
(28, 954, 4, 420.72, 4, FALSE, TRUE),
(28, 149, 6, 315.54, 1, TRUE, TRUE),
(28, 476, 6, 311.46, 1, FALSE, FALSE),
(28, 877, 3, 265.85, 4, TRUE, TRUE),
(28, 930, 6, 429.14, 3, TRUE, TRUE),
(28, 778, 1, 379.06, 1, TRUE, FALSE),
(28, 795, 5, 272.71, 3, TRUE, FALSE),
(28, 486, 9, 526.76, 1, FALSE, FALSE),
(28, 948, 9, 306.28, 5, TRUE, TRUE),
(28, 638, 3, 489.2, 1, FALSE, FALSE),
(28, 253, 10, 486.88, 4, TRUE, FALSE),
(28, 393, 8, 391.89, 2, TRUE, TRUE),
(28, 513, 6, 441.2, 2, FALSE, TRUE),
(28, 201, 6, 191.56, 4, FALSE, FALSE),
(28, 412, 7, 201.72, 2, FALSE, TRUE),
(28, 855, 6, 143.99, 5, TRUE, FALSE),
(28, 585, 3, 143.25, 2, TRUE, TRUE),
(28, 425, 3, 496.03, 5, FALSE, FALSE),
(29, 621, 3, 158.93, 5, FALSE, FALSE),
(29, 449, 5, 473.08, 3, FALSE, FALSE),
(29, 738, 1, 313.52, 3, TRUE, FALSE),
(29, 423, 3, 421.79, 2, TRUE, TRUE),
(29, 129, 7, 329.23, 5, FALSE, TRUE),
(29, 400, 3, 221.77, 2, FALSE, FALSE),
(29, 184, 10, 435.58, 5, TRUE, TRUE),
(29, 798, 1, 517.94, 3, FALSE, TRUE),
(29, 964, 5, 554.32, 3, FALSE, FALSE),
(29, 737, 9, 591.5, 3, FALSE, TRUE),
(29, 983, 6, 134.73, 5, FALSE, TRUE),
(29, 412, 9, 409.84, 1, TRUE, FALSE),
(29, 127, 5, 167.18, 4, FALSE, FALSE),
(29, 191, 9, 242.2, 2, TRUE, FALSE),
(29, 389, 7, 102.68, 5, FALSE, FALSE),
(29, 272, 3, 159.49, 1, FALSE, TRUE),
(29, 354, 8, 253.74, 4, TRUE, FALSE),
(29, 216, 3, 571.22, 3, FALSE, TRUE),
(29, 601, 4, 304.81, 5, TRUE, FALSE),
(29, 966, 6, 508.46, 5, TRUE, FALSE),
(30, 631, 8, 582.4, 5, TRUE, FALSE),
(30, 298, 8, 387.5, 3, FALSE, FALSE),
(30, 571, 8, 149.36, 5, TRUE, TRUE),
(30, 441, 3, 248.21, 1, TRUE, TRUE),
(30, 592, 2, 474.47, 1, TRUE, FALSE),
(30, 783, 2, 429.4, 3, FALSE, FALSE),
(30, 770, 1, 226.29, 4, TRUE, FALSE),
(30, 465, 8, 472.25, 2, FALSE, TRUE),
(30, 453, 7, 311.67, 1, TRUE, TRUE),
(30, 186, 4, 266.79, 3, FALSE, FALSE),
(30, 541, 9, 201.32, 1, TRUE, FALSE),
(30, 555, 9, 374.55, 4, TRUE, FALSE),
(30, 773, 8, 480.55, 3, FALSE, TRUE),
(30, 765, 1, 530.0, 1, FALSE, TRUE),
(30, 874, 4, 365.13, 4, FALSE, TRUE),
(30, 398, 6, 170.64, 1, FALSE, FALSE),
(30, 687, 6, 198.02, 2, FALSE, TRUE),
(30, 922, 10, 484.68, 4, TRUE, TRUE),
(30, 239, 5, 202.27, 1, FALSE, TRUE),
(30, 647, 1, 395.18, 3, TRUE, TRUE),
(31, 745, 2, 413.47, 2, FALSE, TRUE),
(31, 848, 6, 134.23, 2, FALSE, TRUE),
(31, 373, 3, 167.42, 2, TRUE, FALSE),
(31, 562, 2, 579.72, 2, FALSE, FALSE),
(31, 611, 4, 241.34, 1, FALSE, FALSE),
(31, 126, 5, 287.97, 5, FALSE, TRUE),
(31, 536, 4, 368.32, 5, TRUE, TRUE),
(31, 744, 3, 266.15, 1, FALSE, FALSE),
(31, 879, 2, 193.97, 1, FALSE, TRUE),
(31, 940, 10, 369.28, 3, TRUE, FALSE),
(31, 508, 4, 418.2, 4, FALSE, TRUE),
(31, 499, 8, 303.67, 5, TRUE, FALSE),
(31, 845, 3, 114.3, 1, FALSE, TRUE),
(31, 174, 2, 431.01, 1, TRUE, TRUE),
(31, 873, 10, 555.57, 3, TRUE, FALSE),
(31, 763, 3, 188.01, 5, TRUE, FALSE),
(31, 702, 4, 186.23, 3, FALSE, FALSE),
(31, 824, 6, 435.93, 1, FALSE, FALSE),
(31, 266, 5, 166.89, 4, TRUE, FALSE),
(31, 210, 2, 419.72, 2, TRUE, TRUE),
(32, 425, 5, 198.96, 5, FALSE, TRUE),
(32, 241, 3, 578.31, 2, FALSE, TRUE),
(32, 848, 1, 388.98, 5, FALSE, TRUE),
(32, 385, 5, 365.51, 5, FALSE, FALSE),
(32, 478, 2, 298.07, 1, FALSE, FALSE),
(32, 253, 6, 590.06, 2, FALSE, TRUE),
(32, 486, 10, 131.12, 4, FALSE, TRUE),
(32, 439, 4, 236.66, 2, TRUE, FALSE),
(32, 664, 9, 436.16, 3, FALSE, TRUE),
(32, 944, 6, 552.19, 2, TRUE, TRUE),
(32, 558, 1, 361.46, 3, TRUE, FALSE),
(32, 807, 8, 204.59, 1, TRUE, FALSE),
(32, 521, 7, 225.44, 2, TRUE, FALSE),
(32, 818, 5, 177.97, 1, TRUE, FALSE),
(32, 984, 9, 492.82, 4, TRUE, FALSE),
(32, 874, 8, 467.66, 2, TRUE, FALSE),
(32, 654, 3, 434.47, 5, FALSE, TRUE),
(32, 201, 4, 560.89, 1, TRUE, FALSE),
(32, 850, 8, 524.62, 2, FALSE, FALSE),
(32, 765, 5, 348.06, 4, TRUE, FALSE);

INSERT INTO Damage (hotel_id, room_id, description, reported_date, resolved, date_resolved) VALUES
(9, 143, 'Broken air conditioner', '2025-02-05', FALSE, NULL),
(16, 290, 'Cracked window', '2025-01-26', FALSE, NULL),
(11, 182, 'Cracked window', '2025-02-04', FALSE, NULL),
(16, 298, 'Broken mini fridge', '2025-03-02', FALSE, NULL),
(45, 779, 'Wall paint peeling', '2025-03-21', TRUE, '2025-03-26'),
(25, 462, 'Leaky faucet', '2025-03-05', TRUE, '2025-03-08'),
(9, 146, 'Broken TV', '2025-02-15', FALSE, NULL),
(33, 602, 'Faulty lighting', '2025-01-29', TRUE, '2025-02-11'),
(22, 401, 'Wall paint peeling', '2025-02-25', TRUE, '2025-03-11'),
(33, 592, 'Broken TV', '2025-02-04', FALSE, NULL),
(17, 307, 'Damaged furniture', '2025-02-12', FALSE, NULL),
(37, 674, 'Faulty lighting', '2025-03-21', TRUE, '2025-03-22'),
(1, 5, 'Wall paint peeling', '2025-01-25', TRUE, '2025-01-31'),
(2, 15, 'Broken air conditioner', '2025-01-29', TRUE, '2025-02-04'),
(24, 430, 'Faulty lighting', '2025-03-05', TRUE, '2025-03-12'),
(8, 132, 'Stained carpet', '2025-01-29', TRUE, '2025-02-10'),
(38, 682, 'Broken TV', '2025-01-23', TRUE, '2025-01-30'),
(18, 318, 'Broken TV', '2025-03-09', TRUE, '2025-03-21'),
(44, 768, 'Stained carpet', '2025-03-12', FALSE, NULL),
(34, 611, 'Cracked window', '2025-02-02', FALSE, NULL),
(44, 761, 'Stained carpet', '2025-02-14', FALSE, NULL),
(12, 194, 'Wall paint peeling', '2025-03-09', TRUE, '2025-03-14'),
(39, 694, 'Leaky faucet', '2025-01-27', FALSE, NULL),
(43, 749, 'Broken TV', '2025-03-15', FALSE, NULL),
(31, 559, 'Wall paint peeling', '2025-02-16', TRUE, '2025-02-19'),
(48, 842, 'Broken TV', '2025-02-12', TRUE, '2025-02-21'),
(18, 328, 'Broken air conditioner', '2025-03-15', FALSE, NULL),
(47, 826, 'Clogged toilet', '2025-02-23', TRUE, '2025-02-26'),
(40, 714, 'Broken mini fridge', '2025-02-06', FALSE, NULL),
(19, 345, 'Broken TV', '2025-02-01', TRUE, '2025-02-07'),
(12, 208, 'Clogged toilet', '2025-03-15', TRUE, '2025-03-27'),
(11, 186, 'Stained carpet', '2025-03-16', TRUE, '2025-03-18'),
(8, 137, 'Broken TV', '2025-01-25', TRUE, '2025-01-28'),
(8, 130, 'Clogged toilet', '2025-03-15', TRUE, '2025-03-17'),
(38, 688, 'Broken TV', '2025-03-22', FALSE, NULL),
(6, 98, 'Faulty lighting', '2025-02-28', FALSE, NULL),
(16, 279, 'Leaky faucet', '2025-01-23', TRUE, '2025-02-05'),
(44, 762, 'Damaged furniture', '2025-03-07', TRUE, '2025-03-19'),
(16, 287, 'Faulty lighting', '2025-02-15', TRUE, '2025-02-28'),
(23, 412, 'Faulty lighting', '2025-02-17', TRUE, '2025-02-19'),
(16, 293, 'Clogged toilet', '2025-03-13', FALSE, NULL),
(30, 545, 'Stained carpet', '2025-02-09', TRUE, '2025-02-10'),
(7, 116, 'Damaged furniture', '2025-03-21', TRUE, '2025-03-25'),
(18, 313, 'Broken air conditioner', '2025-03-05', FALSE, NULL),
(32, 571, 'Wall paint peeling', '2025-03-01', FALSE, NULL),
(45, 784, 'Wall paint peeling', '2025-03-19', FALSE, NULL),
(26, 479, 'Faulty lighting', '2025-03-22', TRUE, '2025-03-31'),
(36, 636, 'Cracked window', '2025-03-04', TRUE, '2025-03-17'),
(44, 767, 'Broken mini fridge', '2025-02-12', TRUE, '2025-02-25'),
(15, 268, 'Leaky faucet', '2025-01-26', FALSE, NULL),
(25, 455, 'Cracked window', '2025-03-05', FALSE, NULL),
(23, 410, 'Broken air conditioner', '2025-02-20', TRUE, '2025-03-05'),
(32, 569, 'Broken air conditioner', '2025-03-23', TRUE, '2025-03-26'),
(16, 281, 'Damaged furniture', '2025-01-23', TRUE, '2025-02-01'),
(11, 183, 'Cracked window', '2025-02-15', FALSE, NULL),
(15, 267, 'Faulty lighting', '2025-03-04', TRUE, '2025-03-14'),
(4, 55, 'Stained carpet', '2025-02-07', TRUE, '2025-02-11'),
(37, 672, 'Broken air conditioner', '2025-02-21', FALSE, NULL),
(40, 713, 'Cracked window', '2025-03-23', TRUE, '2025-03-30'),
(18, 319, 'Stained carpet', '2025-02-21', FALSE, NULL),
(37, 664, 'Leaky faucet', '2025-02-09', TRUE, '2025-02-12'),
(11, 177, 'Broken TV', '2025-03-18', TRUE, '2025-03-25'),
(9, 151, 'Damaged furniture', '2025-01-30', TRUE, '2025-02-06'),
(13, 223, 'Cracked window', '2025-02-14', FALSE, NULL),
(10, 156, 'Damaged furniture', '2025-02-28', TRUE, '2025-03-13'),
(35, 627, 'Faulty lighting', '2025-03-18', FALSE, NULL),
(15, 269, 'Wall paint peeling', '2025-03-05', FALSE, NULL),
(3, 35, 'Leaky faucet', '2025-03-17', TRUE, '2025-03-27'),
(37, 661, 'Leaky faucet', '2025-02-08', FALSE, NULL),
(25, 451, 'Faulty lighting', '2025-02-23', FALSE, NULL),
(7, 118, 'Damaged furniture', '2025-03-16', TRUE, '2025-03-26'),
(8, 135, 'Faulty lighting', '2025-01-30', FALSE, NULL),
(14, 251, 'Broken air conditioner', '2025-02-15', TRUE, '2025-02-27'),
(6, 96, 'Wall paint peeling', '2025-03-19', TRUE, '2025-03-25'),
(14, 244, 'Wall paint peeling', '2025-02-04', FALSE, NULL),
(48, 845, 'Stained carpet', '2025-03-02', FALSE, NULL),
(7, 114, 'Broken mini fridge', '2025-03-08', TRUE, '2025-03-20'),
(30, 553, 'Wall paint peeling', '2025-03-12', FALSE, NULL),
(7, 104, 'Stained carpet', '2025-01-24', TRUE, '2025-02-06'),
(32, 584, 'Clogged toilet', '2025-03-10', FALSE, NULL),
(42, 738, 'Broken air conditioner', '2025-03-07', FALSE, NULL),
(29, 515, 'Stained carpet', '2025-03-08', FALSE, NULL),
(41, 727, 'Cracked window', '2025-02-02', FALSE, NULL),
(45, 788, 'Stained carpet', '2025-02-01', TRUE, '2025-02-02'),
(32, 579, 'Broken air conditioner', '2025-03-13', FALSE, NULL),
(41, 729, 'Damaged furniture', '2025-03-20', FALSE, NULL),
(33, 593, 'Leaky faucet', '2025-03-23', FALSE, NULL),
(12, 204, 'Damaged furniture', '2025-02-07', TRUE, '2025-02-14'),
(42, 733, 'Damaged furniture', '2025-03-16', FALSE, NULL),
(19, 339, 'Leaky faucet', '2025-03-06', FALSE, NULL),
(17, 311, 'Clogged toilet', '2025-02-19', TRUE, '2025-02-25'),
(5, 70, 'Clogged toilet', '2025-03-17', TRUE, '2025-03-23'),
(13, 214, 'Stained carpet', '2025-03-18', TRUE, '2025-03-23'),
(10, 163, 'Broken TV', '2025-02-19', TRUE, '2025-02-28'),
(44, 763, 'Faulty lighting', '2025-01-27', FALSE, NULL),
(15, 266, 'Clogged toilet', '2025-01-23', FALSE, NULL),
(31, 557, 'Clogged toilet', '2025-03-12', FALSE, NULL),
(30, 550, 'Broken air conditioner', '2025-03-01', FALSE, NULL),
(30, 546, 'Stained carpet', '2025-02-11', TRUE, '2025-02-19'),
(12, 199, 'Wall paint peeling', '2025-02-22', FALSE, NULL),
(32, 588, 'Cracked window', '2025-03-12', FALSE, NULL),
(5, 77, 'Cracked window', '2025-02-03', FALSE, NULL),
(24, 434, 'Wall paint peeling', '2025-01-29', TRUE, '2025-02-06'),
(43, 751, 'Clogged toilet', '2025-02-09', FALSE, NULL),
(45, 796, 'Broken mini fridge', '2025-02-02', TRUE, '2025-02-06'),
(13, 228, 'Faulty lighting', '2025-02-11', FALSE, NULL),
(4, 62, 'Broken mini fridge', '2025-02-12', TRUE, '2025-02-26'),
(25, 457, 'Leaky faucet', '2025-03-18', FALSE, NULL),
(5, 72, 'Wall paint peeling', '2025-01-28', FALSE, NULL),
(34, 609, 'Clogged toilet', '2025-02-12', FALSE, NULL),
(26, 483, 'Broken TV', '2025-02-12', TRUE, '2025-02-23'),
(39, 698, 'Damaged furniture', '2025-02-08', FALSE, NULL),
(28, 508, 'Leaky faucet', '2025-02-12', TRUE, '2025-02-26'),
(20, 372, 'Wall paint peeling', '2025-03-14', TRUE, '2025-03-19'),
(35, 625, 'Broken air conditioner', '2025-03-17', TRUE, '2025-03-28'),
(2, 26, 'Broken air conditioner', '2025-02-25', TRUE, '2025-03-01'),
(10, 162, 'Broken mini fridge', '2025-01-24', FALSE, NULL),
(5, 78, 'Damaged furniture', '2025-02-22', TRUE, '2025-03-02'),
(25, 454, 'Damaged furniture', '2025-03-21', FALSE, NULL),
(46, 804, 'Cracked window', '2025-03-14', TRUE, '2025-03-26'),
(35, 628, 'Broken TV', '2025-03-08', FALSE, NULL),
(47, 822, 'Broken TV', '2025-02-08', FALSE, NULL),
(30, 535, 'Clogged toilet', '2025-02-25', TRUE, '2025-03-07'),
(35, 629, 'Faulty lighting', '2025-02-06', TRUE, '2025-02-07'),
(47, 831, 'Broken TV', '2025-02-19', TRUE, '2025-02-21'),
(7, 107, 'Cracked window', '2025-02-11', FALSE, NULL),
(22, 388, 'Broken air conditioner', '2025-02-12', TRUE, '2025-02-26');

INSERT INTO Extension (type, description) VALUES
('Balcony', 'Private balcony with seating'),
('Kitchenette', 'Compact kitchen setup'),
('Jacuzzi', 'In-room jacuzzi tub'),
('Fireplace', 'Cozy indoor fireplace'),
('Workspace', 'Dedicated desk and chair'),
('Soundproofing', 'Soundproof walls and windows'),
('Smart TV', 'In-room Smart TV with streaming apps'),
('Coffee Machine', 'Nespresso or similar coffee maker'),
('Mini Bar', 'Stocked mini refrigerator with beverages'),
('Terrace', 'Outdoor terrace access');

INSERT INTO Is_Extendable (room_type_id, extension_id) VALUES
(1, 3),
(1, 4),
(1, 2),
(2, 1),
(2, 10),
(3, 1),
(4, 4),
(5, 1),
(5, 4),
(6, 7),
(6, 6),
(6, 8),
(7, 3),
(8, 2),
(8, 6),
(9, 3),
(9, 2),
(9, 9),
(10, 1),
(1, 7),
(1, 5),
(1, 6),
(2, 9),
(2, 8),
(2, 2),
(2, 3),
(2, 5),
(2, 7),
(3, 5),
(3, 4),
(3, 9),
(3, 8),
(4, 3),
(4, 9),
(4, 8),
(4, 2),
(4, 7),
(5, 2),
(5, 9),
(5, 8),
(5, 3),
(5, 5),
(6, 3),
(6, 2),
(6, 10),
(6, 4),
(6, 9),
(6, 1),
(7, 4),
(7, 5),
(7, 8),
(7, 6),
(8, 3),
(8, 5),
(8, 1),
(8, 10),
(9, 8),
(9, 4),
(9, 7),
(9, 5),
(9, 6),
(9, 10),
(10, 9),
(10, 3),
(10, 8),
(10, 10),
(10, 4);

INSERT INTO Amenity (type, description) VALUES
('Pool', 'Indoor or outdoor swimming pool'),
('Gym', 'Fitness center with equipment'),
('Free WiFi', 'Complimentary high-speed internet'),
('Parking', 'On-site or valet parking'),
('Breakfast', 'Free or paid breakfast options'),
('Laundry', 'Guest laundry facilities or service'),
('Pet-Friendly', 'Allows guests with pets'),
('Spa', 'On-site spa and wellness center'),
('Airport Shuttle', 'Transport service to/from airport'),
('Business Center', 'Computers, printers, meeting rooms');

INSERT INTO Room_Amenity (room_type_id, amenity_id) VALUES
(1, 3),
(1, 9),
(1, 1),
(2, 8),
(2, 6),
(2, 2),
(2, 9),
(2, 7),
(2, 10),
(3, 9),
(3, 5),
(3, 2),
(3, 10),
(4, 10),
(4, 9),
(4, 2),
(4, 3),
(4, 4),
(5, 6),
(5, 5),
(5, 3),
(5, 10),
(5, 2),
(6, 8),
(6, 5),
(6, 9),
(7, 3),
(7, 6),
(7, 10),
(7, 4),
(7, 9),
(8, 10),
(8, 9),
(8, 2),
(8, 8),
(8, 6),
(9, 3),
(9, 6),
(9, 2),
(9, 7),
(9, 8),
(10, 8),
(10, 5),
(10, 2),
(10, 10),
(10, 4),
(10, 9);

INSERT INTO Person (SSN, first_name, last_name, street_number, street_name, city, state, zip) VALUES
(106086744, 'Robert', 'Brown', '2396', 'Main Rd', 'Chicago', 'IL', '28130'),
(108640917, 'William', 'Jones', '6331', 'Maple St', 'Los Angeles', 'CA', '54816'),
(114075207, 'Mary', 'Brown', '2162', 'Cedar St', 'Atlanta', 'GA', '56335'),
(114500356, 'William', 'Miller', '7960', 'Pine Blvd', 'Bethesda', 'MD', '73923'),
(130461718, 'Robert', 'Williams', '4155', 'Main St', 'Orlando', 'FL', '65326'),
(137328842, 'Michael', 'Davis', '1987', 'Oak Blvd', 'Seattle', 'WA', '34789'),
(137740918, 'Elizabeth', 'Miller', '9849', 'Oak St', 'McLean', 'VA', '99273'),
(145010145, 'William', 'Moore', '8365', 'Elm Blvd', 'Chicago', 'IL', '71359'),
(147052735, 'Patricia', 'Miller', '5870', 'Main St', 'Los Angeles', 'CA', '66587'),
(165675675, 'Jennifer', 'Williams', '7696', 'Pine Blvd', 'Stamford', 'CT', '13631'),
(172985946, 'Michael', 'Davis', '4131', 'Maple St', 'Stamford', 'CT', '15706'),
(180753051, 'Jennifer', 'Williams', '8669', 'Main St', 'Bethesda', 'MD', '77055'),
(204458292, 'Mary', 'Wilson', '2885', 'Pine St', 'Seattle', 'WA', '58291'),
(204648860, 'Mary', 'Taylor', '6967', 'Maple St', 'Los Angeles', 'CA', '25962'),
(204709391, 'John', 'Miller', '8611', 'Pine Ave', 'Bethesda', 'MD', '21913'),
(207848654, 'Mary', 'Brown', '3210', 'Main Blvd', 'Denver', 'CO', '13304'),
(214986556, 'Jennifer', 'Brown', '9153', 'Main St', 'Los Angeles', 'CA', '65147'),
(228811069, 'Michael', 'Brown', '8204', 'Pine Blvd', 'Atlanta', 'GA', '23029'),
(233502864, 'William', 'Miller', '7750', 'Main St', 'Denver', 'CO', '41278'),
(247497735, 'Linda', 'Miller', '8314', 'Cedar Ave', 'Dallas', 'TX', '55548'),
(247740719, 'Patricia', 'Smith', '3378', 'Cedar Ave', 'Atlanta', 'GA', '66977'),
(253477759, 'Robert', 'Williams', '6073', 'Maple Rd', 'Los Angeles', 'CA', '77131'),
(265782720, 'Linda', 'Davis', '4739', 'Oak Rd', 'Orlando', 'FL', '71155'),
(273965440, 'Elizabeth', 'Brown', '7559', 'Main Ave', 'Bethesda', 'MD', '35608'),
(277476301, 'James', 'Johnson', '9160', 'Elm Blvd', 'Chicago', 'IL', '90882'),
(287088748, 'Michael', 'Jones', '1854', 'Elm Blvd', 'Stamford', 'CT', '38683'),
(294422423, 'John', 'Taylor', '2156', 'Cedar Rd', 'Los Angeles', 'CA', '55884'),
(305044677, 'Jennifer', 'Taylor', '6223', 'Pine Rd', 'McLean', 'VA', '74219'),
(308344639, 'Patricia', 'Williams', '6543', 'Main Ave', 'Los Angeles', 'CA', '76603'),
(319015881, 'Jennifer', 'Williams', '6687', 'Main St', 'Atlanta', 'GA', '94940'),
(333043926, 'Patricia', 'Smith', '1806', 'Elm St', 'McLean', 'VA', '60949'),
(344697738, 'Jennifer', 'Moore', '8111', 'Oak Ave', 'McLean', 'VA', '23319'),
(350523633, 'Patricia', 'Jones', '5575', 'Maple Ave', 'Atlanta', 'GA', '69521'),
(355773497, 'William', 'Taylor', '404', 'Oak Ave', 'Dallas', 'TX', '91775'),
(357797470, 'Robert', 'Brown', '2681', 'Oak Ave', 'McLean', 'VA', '98541'),
(358571480, 'Elizabeth', 'Smith', '6639', 'Pine Rd', 'McLean', 'VA', '98230'),
(370875903, 'Linda', 'Taylor', '8412', 'Oak St', 'Los Angeles', 'CA', '59534'),
(388142592, 'Linda', 'Johnson', '6313', 'Pine Ave', 'Dallas', 'TX', '92306'),
(412259677, 'Michael', 'Wilson', '435', 'Oak Rd', 'Dallas', 'TX', '48659'),
(412472652, 'Mary', 'Davis', '1930', 'Elm Ave', 'McLean', 'VA', '58492'),
(413036242, 'James', 'Miller', '5881', 'Maple Blvd', 'Bethesda', 'MD', '23341'),
(414961060, 'Elizabeth', 'Wilson', '6648', 'Main Rd', 'Bethesda', 'MD', '71332'),
(419180043, 'James', 'Wilson', '5067', 'Maple Rd', 'McLean', 'VA', '73958'),
(428105754, 'Michael', 'Smith', '8906', 'Elm St', 'Bethesda', 'MD', '14096'),
(432747349, 'Robert', 'Jones', '5516', 'Oak Ave', 'Bethesda', 'MD', '28079'),
(443760753, 'Michael', 'Wilson', '4941', 'Pine Blvd', 'Seattle', 'WA', '38574'),
(450060071, 'Patricia', 'Johnson', '4520', 'Cedar Ave', 'Dallas', 'TX', '28663'),
(453901655, 'Mary', 'Taylor', '1644', 'Pine Blvd', 'Chicago', 'IL', '15789'),
(454833546, 'Robert', 'Davis', '632', 'Maple Blvd', 'Atlanta', 'GA', '36373'),
(458714286, 'Michael', 'Davis', '4926', 'Main Ave', 'Bethesda', 'MD', '57675'),
(462995054, 'William', 'Johnson', '8608', 'Elm Ave', 'Dallas', 'TX', '94039'),
(471929574, 'Robert', 'Johnson', '6225', 'Elm Rd', 'Seattle', 'WA', '11560'),
(472145905, 'Michael', 'Williams', '8778', 'Elm Rd', 'Los Angeles', 'CA', '86974'),
(474933452, 'Linda', 'Davis', '5323', 'Maple Blvd', 'Atlanta', 'GA', '18854'),
(484064114, 'William', 'Smith', '4030', 'Main St', 'Atlanta', 'GA', '93195'),
(502169380, 'Robert', 'Miller', '6488', 'Pine St', 'Orlando', 'FL', '34457'),
(511777124, 'Patricia', 'Taylor', '3588', 'Pine Ave', 'Bethesda', 'MD', '75845'),
(515550315, 'Patricia', 'Smith', '9694', 'Elm Ave', 'Atlanta', 'GA', '28069'),
(527933956, 'Patricia', 'Johnson', '2681', 'Cedar Rd', 'Seattle', 'WA', '16623'),
(567673671, 'Jennifer', 'Moore', '953', 'Cedar St', 'Chicago', 'IL', '10855'),
(581014660, 'Patricia', 'Williams', '7291', 'Oak Ave', 'Denver', 'CO', '23103'),
(599630326, 'Mary', 'Davis', '8864', 'Elm Rd', 'Dallas', 'TX', '40757'),
(604442283, 'Elizabeth', 'Taylor', '3072', 'Elm St', 'Los Angeles', 'CA', '65276'),
(607435565, 'Robert', 'Miller', '7923', 'Elm Ave', 'Denver', 'CO', '83185'),
(615173563, 'Mary', 'Williams', '2253', 'Cedar St', 'Dallas', 'TX', '55746'),
(632408190, 'Robert', 'Miller', '2493', 'Elm Rd', 'Stamford', 'CT', '21131'),
(633631139, 'Linda', 'Smith', '5256', 'Elm Ave', 'Stamford', 'CT', '50641'),
(641416185, 'Elizabeth', 'Davis', '4529', 'Cedar Ave', 'Dallas', 'TX', '55305'),
(664704643, 'Jennifer', 'Williams', '185', 'Pine Rd', 'Chicago', 'IL', '54962'),
(696106054, 'Linda', 'Davis', '7541', 'Elm Rd', 'Stamford', 'CT', '59672'),
(713908765, 'Patricia', 'Miller', '1014', 'Main Rd', 'Denver', 'CO', '16588'),
(721812154, 'Patricia', 'Taylor', '3684', 'Oak Ave', 'Seattle', 'WA', '72271'),
(724008941, 'Elizabeth', 'Miller', '8722', 'Elm Blvd', 'Orlando', 'FL', '28238'),
(724219750, 'Robert', 'Smith', '6996', 'Maple Ave', 'Atlanta', 'GA', '83822'),
(758153580, 'Mary', 'Miller', '478', 'Main Blvd', 'Seattle', 'WA', '99836'),
(763877404, 'John', 'Williams', '2181', 'Elm Rd', 'Bethesda', 'MD', '23429'),
(815406705, 'Linda', 'Taylor', '3542', 'Elm St', 'Denver', 'CO', '80701'),
(828717126, 'Michael', 'Miller', '3247', 'Maple Rd', 'Chicago', 'IL', '56470'),
(843243763, 'William', 'Taylor', '2466', 'Main Ave', 'Seattle', 'WA', '45682'),
(847016848, 'Michael', 'Jones', '417', 'Maple St', 'Chicago', 'IL', '37552'),
(857539587, 'John', 'Davis', '8341', 'Cedar Blvd', 'McLean', 'VA', '64218'),
(884430795, 'Patricia', 'Smith', '1893', 'Main St', 'Bethesda', 'MD', '91214'),
(888684632, 'John', 'Smith', '4367', 'Elm Rd', 'Orlando', 'FL', '61267'),
(891034846, 'Patricia', 'Taylor', '2965', 'Maple Rd', 'Denver', 'CO', '23306'),
(893988263, 'Patricia', 'Moore', '2414', 'Elm Rd', 'Chicago', 'IL', '68689'),
(895707104, 'William', 'Williams', '2302', 'Elm Rd', 'Atlanta', 'GA', '42056'),
(907499686, 'Robert', 'Moore', '3470', 'Maple Blvd', 'Stamford', 'CT', '27703'),
(913304650, 'James', 'Miller', '298', 'Pine Rd', 'Orlando', 'FL', '27526'),
(918725334, 'William', 'Smith', '2644', 'Maple Rd', 'Atlanta', 'GA', '11870'),
(927679377, 'Patricia', 'Williams', '2798', 'Elm Rd', 'Dallas', 'TX', '32012'),
(928718544, 'Patricia', 'Jones', '3213', 'Pine Rd', 'Dallas', 'TX', '53662'),
(934656775, 'William', 'Moore', '3127', 'Oak St', 'Stamford', 'CT', '92104'),
(936218865, 'Michael', 'Williams', '6191', 'Elm Rd', 'Atlanta', 'GA', '78341'),
(941847406, 'William', 'Miller', '1167', 'Elm St', 'Seattle', 'WA', '64745'),
(948649424, 'Michael', 'Miller', '8167', 'Cedar Rd', 'Bethesda', 'MD', '30946'),
(953869489, 'Mary', 'Williams', '268', 'Pine Ave', 'Seattle', 'WA', '13143'),
(967125777, 'Michael', 'Moore', '6947', 'Main Ave', 'Orlando', 'FL', '63848'),
(967817838, 'Michael', 'Williams', '8294', 'Maple St', 'Chicago', 'IL', '33834'),
(991666178, 'James', 'Williams', '3372', 'Maple St', 'Atlanta', 'GA', '83506'),
(999819306, 'Elizabeth', 'Moore', '9104', 'Oak Rd', 'Atlanta', 'GA', '17949'),
(102352503, 'William', 'Jackson', '2374', 'Cedar St', 'McLean', 'VA', '88438'),
(105226724, 'Patricia', 'Anderson', '5032', 'Pine St', 'Orlando', 'FL', '45967'),
(109778775, 'Olivia', 'Wilson', '2826', 'Main Rd', 'Dallas', 'TX', '11891'),
(111289147, 'Emma', 'Martinez', '7649', 'Pine Ave', 'Orlando', 'FL', '91066'),
(124196093, 'Liam', 'Taylor', '4653', 'Main St', 'Chicago', 'IL', '28707'),
(127221125, 'Linda', 'Thomas', '4108', 'Oak Blvd', 'Stamford', 'CT', '26943'),
(129234930, 'Sophia', 'Davis', '1761', 'Pine Rd', 'Bethesda', 'MD', '51440'),
(134070902, 'Emma', 'Davis', '9658', 'Main St', 'Denver', 'CO', '39175'),
(136969774, 'Mary', 'Davis', '267', 'Pine Ave', 'Chicago', 'IL', '94880'),
(140773992, 'Mia', 'Anderson', '9179', 'Cedar Ave', 'Chicago', 'IL', '90836'),
(145449414, 'Noah', 'Martin', '3353', 'Pine Ave', 'Chicago', 'IL', '66256'),
(149310024, 'Elizabeth', 'Smith', '6652', 'Oak Rd', 'Denver', 'CO', '57626'),
(150266360, 'John', 'Garcia', '654', 'Oak Rd', 'Chicago', 'IL', '72984'),
(160602834, 'Elizabeth', 'Thompson', '1160', 'Elm St', 'McLean', 'VA', '32017'),
(162234728, 'Emma', 'Martinez', '1101', 'Oak Blvd', 'McLean', 'VA', '72071'),
(164878552, 'Ethan', 'Martin', '1643', 'Oak Rd', 'Dallas', 'TX', '72368'),
(165695192, 'Sophia', 'White', '6579', 'Elm Rd', 'Stamford', 'CT', '73215'),
(169196452, 'Patricia', 'Johnson', '9454', 'Pine St', 'McLean', 'VA', '81763'),
(177870432, 'Linda', 'Anderson', '8061', 'Main St', 'Seattle', 'WA', '44808'),
(178832761, 'Ava', 'Moore', '1817', 'Cedar Rd', 'McLean', 'VA', '38226'),
(179204560, 'Lucas', 'Johnson', '8649', 'Main Ave', 'Stamford', 'CT', '63320'),
(179935662, 'Robert', 'Martinez', '2097', 'Pine Ave', 'Bethesda', 'MD', '96958'),
(188543968, 'Liam', 'Taylor', '5426', 'Main Rd', 'Dallas', 'TX', '72946'),
(191410937, 'Emma', 'White', '1461', 'Cedar Ave', 'Dallas', 'TX', '22187'),
(206316430, 'Jennifer', 'Moore', '190', 'Elm Ave', 'Bethesda', 'MD', '88883'),
(220636357, 'Ava', 'Robinson', '6184', 'Elm Blvd', 'Stamford', 'CT', '81335'),
(222593947, 'Jennifer', 'Martin', '4482', 'Elm Rd', 'Denver', 'CO', '77238'),
(227797789, 'Emma', 'Miller', '5060', 'Maple Blvd', 'Atlanta', 'GA', '98735'),
(233647540, 'Noah', 'Taylor', '5229', 'Cedar Ave', 'Los Angeles', 'CA', '35201'),
(238727935, 'Mia', 'Garcia', '8330', 'Elm Rd', 'Stamford', 'CT', '68143'),
(240191493, 'Emma', 'Martinez', '530', 'Main Rd', 'Los Angeles', 'CA', '95810'),
(242793363, 'Patricia', 'Jones', '4602', 'Elm Rd', 'Denver', 'CO', '29925'),
(250801930, 'Isabella', 'Anderson', '634', 'Main Blvd', 'Denver', 'CO', '22866'),
(251261941, 'Isabella', 'Taylor', '1923', 'Main Blvd', 'Denver', 'CO', '72280'),
(270261263, 'Elizabeth', 'White', '7317', 'Maple Rd', 'Denver', 'CO', '20000'),
(277878930, 'Isabella', 'Jones', '4640', 'Oak Rd', 'Stamford', 'CT', '66889'),
(293200219, 'James', 'Jones', '9933', 'Main Blvd', 'Bethesda', 'MD', '64363'),
(295823661, 'Linda', 'Jackson', '4175', 'Main Ave', 'Orlando', 'FL', '62742'),
(295873170, 'James', 'Smith', '6551', 'Oak St', 'Atlanta', 'GA', '48065'),
(302193499, 'Mia', 'Williams', '4246', 'Pine Ave', 'Atlanta', 'GA', '10176'),
(308681136, 'Olivia', 'Thomas', '937', 'Cedar St', 'Bethesda', 'MD', '68089'),
(310393085, 'Jennifer', 'Brown', '2100', 'Pine Ave', 'Los Angeles', 'CA', '21155'),
(314435281, 'Lucas', 'Thomas', '3437', 'Oak St', 'McLean', 'VA', '93446'),
(315696564, 'John', 'Moore', '3168', 'Elm Rd', 'Seattle', 'WA', '86001'),
(317013106, 'Isabella', 'Robinson', '8610', 'Pine Ave', 'Los Angeles', 'CA', '65137'),
(323035403, 'William', 'Taylor', '6974', 'Maple St', 'Stamford', 'CT', '93776'),
(324633270, 'Olivia', 'Thompson', '8647', 'Elm Blvd', 'Atlanta', 'GA', '26572'),
(325512672, 'Lucas', 'Davis', '7300', 'Main Blvd', 'McLean', 'VA', '36285'),
(329013966, 'Ava', 'Moore', '1080', 'Pine Blvd', 'Dallas', 'TX', '74621'),
(330560860, 'Olivia', 'Williams', '1042', 'Maple St', 'Chicago', 'IL', '38840'),
(332386073, 'Emma', 'Miller', '4695', 'Maple St', 'Orlando', 'FL', '71972'),
(349259622, 'Lucas', 'Wilson', '5697', 'Main Ave', 'McLean', 'VA', '25756'),
(352101738, 'Patricia', 'Jackson', '9612', 'Cedar Rd', 'Orlando', 'FL', '82473'),
(354513686, 'Linda', 'Davis', '6015', 'Main Ave', 'Dallas', 'TX', '22226'),
(355028305, 'Liam', 'Harris', '398', 'Pine Rd', 'McLean', 'VA', '94409'),
(361394062, 'Lucas', 'Johnson', '2570', 'Main Blvd', 'Stamford', 'CT', '66639'),
(372048346, 'Noah', 'Martin', '9476', 'Oak Blvd', 'Stamford', 'CT', '85965'),
(378180607, 'William', 'Anderson', '5931', 'Main Blvd', 'Chicago', 'IL', '92368'),
(390412011, 'Isabella', 'Johnson', '5446', 'Main Ave', 'Los Angeles', 'CA', '73347'),
(390916210, 'Liam', 'Miller', '2234', 'Pine Blvd', 'McLean', 'VA', '56189'),
(391768984, 'Elizabeth', 'Brown', '9665', 'Main Ave', 'Chicago', 'IL', '48050'),
(399649043, 'Mia', 'Jackson', '1887', 'Maple St', 'Stamford', 'CT', '56603'),
(401412926, 'Emma', 'Wilson', '685', 'Oak Ave', 'McLean', 'VA', '45383'),
(401893098, 'Olivia', 'Brown', '1721', 'Elm Blvd', 'Denver', 'CO', '94711'),
(402793133, 'William', 'Jones', '9763', 'Oak Ave', 'Chicago', 'IL', '11772'),
(408199698, 'Michael', 'Taylor', '821', 'Main Ave', 'Atlanta', 'GA', '94477'),
(411020691, 'Olivia', 'Miller', '8779', 'Elm Ave', 'Los Angeles', 'CA', '59073'),
(423896808, 'Jennifer', 'Jackson', '1767', 'Maple Blvd', 'McLean', 'VA', '50278'),
(427930827, 'Ava', 'Williams', '1372', 'Cedar Blvd', 'Seattle', 'WA', '48739'),
(429762107, 'Elizabeth', 'Davis', '8187', 'Pine Ave', 'Bethesda', 'MD', '38542'),
(429777944, 'Linda', 'White', '4328', 'Cedar Ave', 'Denver', 'CO', '61683'),
(432423283, 'Mary', 'Martin', '1779', 'Main Ave', 'Los Angeles', 'CA', '36965'),
(443822147, 'Ava', 'Anderson', '6900', 'Maple Rd', 'Denver', 'CO', '99426'),
(444296558, 'Emma', 'Wilson', '4891', 'Elm Rd', 'Chicago', 'IL', '76303'),
(449185890, 'Robert', 'Miller', '6321', 'Oak St', 'Dallas', 'TX', '61430'),
(462153610, 'Liam', 'Martin', '3722', 'Cedar Ave', 'Denver', 'CO', '82311'),
(463790457, 'Michael', 'Wilson', '2843', 'Maple Ave', 'Stamford', 'CT', '76528'),
(478365011, 'Emma', 'Davis', '4101', 'Main Ave', 'Dallas', 'TX', '74017'),
(482470256, 'Sophia', 'Jackson', '9877', 'Oak Rd', 'Denver', 'CO', '27593'),
(486627471, 'Mary', 'Martinez', '8507', 'Pine Rd', 'McLean', 'VA', '47416'),
(500702698, 'Isabella', 'White', '6270', 'Cedar Ave', 'Orlando', 'FL', '80312'),
(500770820, 'Michael', 'Moore', '704', 'Pine Rd', 'Dallas', 'TX', '55973'),
(502510531, 'Noah', 'Jackson', '2116', 'Maple Blvd', 'Denver', 'CO', '57129'),
(506543155, 'Isabella', 'Robinson', '8735', 'Elm Rd', 'Stamford', 'CT', '51364'),
(518228395, 'Emma', 'Miller', '7731', 'Oak Blvd', 'Dallas', 'TX', '60562'),
(533053805, 'Jennifer', 'Jackson', '7438', 'Oak Blvd', 'Denver', 'CO', '59287'),
(534938078, 'Linda', 'White', '3815', 'Maple Blvd', 'McLean', 'VA', '26869'),
(537328531, 'Isabella', 'Smith', '5182', 'Oak Blvd', 'Atlanta', 'GA', '18229'),
(548133826, 'Liam', 'Brown', '6865', 'Elm Blvd', 'Orlando', 'FL', '25701'),
(548308063, 'Linda', 'Thomas', '2159', 'Oak St', 'Orlando', 'FL', '19485'),
(567797551, 'Emma', 'Williams', '9179', 'Oak Ave', 'Bethesda', 'MD', '71321'),
(571626830, 'Elizabeth', 'Davis', '3587', 'Oak Rd', 'Denver', 'CO', '94337'),
(585769167, 'Liam', 'Johnson', '2117', 'Maple St', 'Seattle', 'WA', '46130'),
(589681785, 'Elizabeth', 'Jackson', '4839', 'Main St', 'Bethesda', 'MD', '56752'),
(592417972, 'Liam', 'Wilson', '8140', 'Oak Ave', 'Orlando', 'FL', '21036'),
(594639404, 'Patricia', 'Moore', '5180', 'Maple St', 'Seattle', 'WA', '73951'),
(612131623, 'Emma', 'Garcia', '6411', 'Elm Rd', 'McLean', 'VA', '12054'),
(617203500, 'William', 'Wilson', '2262', 'Cedar Rd', 'Stamford', 'CT', '99673'),
(622135068, 'James', 'Wilson', '351', 'Cedar Ave', 'Atlanta', 'GA', '20500'),
(622781321, 'Jennifer', 'Garcia', '1246', 'Oak Rd', 'Dallas', 'TX', '12311'),
(625334091, 'Lucas', 'Thomas', '1693', 'Cedar Rd', 'Denver', 'CO', '56252'),
(643011594, 'Olivia', 'Moore', '5357', 'Main Ave', 'Bethesda', 'MD', '77095'),
(643868000, 'Isabella', 'Thomas', '7934', 'Maple St', 'Los Angeles', 'CA', '18054'),
(646874463, 'Jennifer', 'Davis', '4485', 'Maple Blvd', 'McLean', 'VA', '48223'),
(671341474, 'Linda', 'Martin', '9414', 'Main Ave', 'Atlanta', 'GA', '17030'),
(700313106, 'Michael', 'Martin', '7985', 'Maple Blvd', 'Stamford', 'CT', '21634'),
(714693507, 'Mary', 'Williams', '7263', 'Cedar St', 'Bethesda', 'MD', '12687'),
(716344410, 'Ava', 'Miller', '4137', 'Elm Ave', 'Orlando', 'FL', '71087'),
(717691364, 'Elizabeth', 'Martin', '8071', 'Pine St', 'Dallas', 'TX', '27927'),
(728540820, 'Isabella', 'Miller', '758', 'Oak St', 'McLean', 'VA', '79113'),
(752324565, 'Jennifer', 'Brown', '4866', 'Main Blvd', 'Los Angeles', 'CA', '15476'),
(763054487, 'Isabella', 'Smith', '3822', 'Cedar Ave', 'Orlando', 'FL', '24371'),
(766777921, 'Liam', 'Martin', '3854', 'Pine Blvd', 'Seattle', 'WA', '96052'),
(770871262, 'Noah', 'Wilson', '5179', 'Main St', 'Orlando', 'FL', '15710'),
(781089784, 'Robert', 'Johnson', '9746', 'Main St', 'Stamford', 'CT', '89592'),
(791839112, 'Noah', 'Miller', '342', 'Main Blvd', 'Seattle', 'WA', '71882'),
(807388000, 'John', 'Martin', '5056', 'Cedar Rd', 'Seattle', 'WA', '12293'),
(813605954, 'Patricia', 'White', '1021', 'Pine Blvd', 'Atlanta', 'GA', '51254'),
(813645062, 'William', 'White', '2332', 'Oak St', 'Dallas', 'TX', '19139'),
(815659711, 'Linda', 'Martinez', '3440', 'Cedar Ave', 'Denver', 'CO', '45644'),
(815728993, 'Olivia', 'Brown', '1268', 'Oak Rd', 'Orlando', 'FL', '32320'),
(816622172, 'Isabella', 'Jackson', '2888', 'Maple Ave', 'Stamford', 'CT', '70998'),
(821108220, 'Liam', 'Davis', '8007', 'Cedar Rd', 'Dallas', 'TX', '57068'),
(832145430, 'James', 'Jones', '7928', 'Main Blvd', 'Atlanta', 'GA', '21228'),
(840210741, 'Patricia', 'Jones', '2369', 'Cedar Ave', 'Los Angeles', 'CA', '19909'),
(841760542, 'Linda', 'Garcia', '4056', 'Cedar Ave', 'Dallas', 'TX', '97153'),
(842895647, 'Olivia', 'Johnson', '9237', 'Main St', 'Los Angeles', 'CA', '37831'),
(843126023, 'Lucas', 'Robinson', '4332', 'Elm St', 'Denver', 'CO', '10866'),
(852785959, 'Noah', 'Smith', '478', 'Maple St', 'Chicago', 'IL', '22453'),
(856336520, 'Jennifer', 'Thompson', '6072', 'Main Rd', 'McLean', 'VA', '16282'),
(857156274, 'Robert', 'Anderson', '9286', 'Cedar Ave', 'Stamford', 'CT', '84830'),
(890799319, 'James', 'Wilson', '3856', 'Main Blvd', 'Denver', 'CO', '51722'),
(892756811, 'Jennifer', 'Moore', '1841', 'Cedar Ave', 'Los Angeles', 'CA', '84909'),
(897739170, 'Noah', 'White', '9662', 'Pine Rd', 'Stamford', 'CT', '42707'),
(909262567, 'Liam', 'Davis', '7925', 'Oak Blvd', 'Orlando', 'FL', '69644'),
(925149731, 'Elizabeth', 'Thomas', '2555', 'Oak Ave', 'McLean', 'VA', '61446'),
(925995610, 'Lucas', 'Johnson', '4273', 'Oak Ave', 'Los Angeles', 'CA', '31950'),
(928080301, 'Emma', 'Thomas', '6721', 'Elm Rd', 'Atlanta', 'GA', '44885'),
(934796322, 'Emma', 'Thomas', '3437', 'Main Ave', 'Bethesda', 'MD', '31402'),
(945848703, 'Elizabeth', 'Thompson', '8757', 'Pine Rd', 'Seattle', 'WA', '76205'),
(956256406, 'Lucas', 'Jackson', '5296', 'Maple St', 'Atlanta', 'GA', '99253'),
(961011130, 'Linda', 'Martin', '2085', 'Main Blvd', 'Chicago', 'IL', '51105'),
(966271933, 'James', 'Anderson', '1399', 'Pine Ave', 'Dallas', 'TX', '66541'),
(969959930, 'Mary', 'Harris', '6946', 'Elm Blvd', 'Stamford', 'CT', '55943'),
(973292686, 'Robert', 'Wilson', '7894', 'Oak St', 'Denver', 'CO', '43291'),
(977180307, 'Olivia', 'Wilson', '7912', 'Oak St', 'Seattle', 'WA', '85169'),
(978376211, 'Noah', 'Miller', '4526', 'Oak Blvd', 'Atlanta', 'GA', '10944'),
(979793738, 'Sophia', 'Thomas', '4070', 'Elm St', 'Denver', 'CO', '63642'),
(982325886, 'Elizabeth', 'Harris', '4814', 'Oak Blvd', 'Denver', 'CO', '85946'),
(992903489, 'Jennifer', 'Robinson', '3490', 'Oak Rd', 'Denver', 'CO', '59379');

INSERT INTO Customer (SSN, registration_date) VALUES
(428105754, '2024-06-16'),
(633631139, '2024-12-08'),
(934656775, '2024-10-08'),
(581014660, '2025-01-12'),
(454833546, '2025-03-13'),
(967125777, '2024-11-04'),
(918725334, '2024-10-03'),
(130461718, '2024-09-06'),
(253477759, '2024-08-11'),
(350523633, '2024-08-21'),
(664704643, '2024-10-21'),
(228811069, '2025-01-25'),
(967817838, '2024-10-13'),
(247740719, '2024-03-29'),
(599630326, '2024-10-30'),
(895707104, '2024-08-11'),
(114500356, '2024-05-05'),
(948649424, '2024-05-01'),
(953869489, '2024-05-07'),
(137740918, '2024-05-30'),
(412472652, '2025-01-22'),
(413036242, '2024-08-20'),
(884430795, '2024-07-17'),
(172985946, '2024-04-28'),
(204648860, '2024-07-14'),
(999819306, '2025-02-24'),
(305044677, '2024-05-10'),
(277476301, '2024-08-02'),
(204709391, '2024-07-29'),
(936218865, '2025-01-03'),
(319015881, '2024-07-26'),
(857539587, '2024-06-26'),
(843243763, '2024-12-30'),
(696106054, '2025-03-09'),
(265782720, '2024-12-03'),
(432747349, '2024-11-09'),
(721812154, '2025-01-17'),
(515550315, '2024-06-06'),
(724219750, '2024-09-18'),
(724008941, '2024-04-05'),
(412259677, '2025-01-05'),
(928718544, '2024-06-04'),
(941847406, '2024-08-01'),
(828717126, '2024-12-04'),
(462995054, '2024-07-05'),
(891034846, '2024-08-12'),
(165675675, '2024-12-09'),
(114075207, '2025-01-10'),
(511777124, '2024-09-23'),
(758153580, '2024-09-08'),
(991666178, '2024-08-27'),
(453901655, '2025-01-13'),
(294422423, '2024-05-30'),
(180753051, '2024-05-07'),
(273965440, '2024-04-25'),
(233502864, '2024-11-22'),
(333043926, '2024-06-14'),
(419180043, '2024-08-07'),
(713908765, '2025-02-13'),
(474933452, '2024-10-21'),
(700313106, '2025-02-04'),
(815728993, '2025-02-11'),
(317013106, '2024-06-14'),
(770871262, '2024-04-13'),
(506543155, '2024-12-26'),
(612131623, '2025-02-08'),
(482470256, '2024-06-17'),
(402793133, '2024-09-23'),
(308681136, '2024-09-25'),
(500702698, '2024-09-16'),
(160602834, '2024-05-19'),
(592417972, '2024-04-12'),
(934796322, '2024-12-20'),
(815659711, '2024-11-05'),
(270261263, '2024-03-25'),
(567797551, '2024-09-29'),
(462153610, '2025-03-13'),
(277878930, '2024-05-19'),
(622135068, '2024-08-05'),
(841760542, '2025-01-23'),
(238727935, '2024-10-18'),
(129234930, '2024-08-29'),
(537328531, '2024-10-02'),
(191410937, '2024-07-03'),
(585769167, '2024-10-28'),
(928080301, '2024-06-10'),
(832145430, '2024-12-31'),
(945848703, '2024-12-09'),
(188543968, '2025-02-28'),
(763054487, '2025-01-12'),
(330560860, '2024-09-28'),
(325512672, '2024-07-25'),
(977180307, '2025-03-18'),
(533053805, '2025-01-28'),
(982325886, '2024-04-27'),
(220636357, '2024-10-16'),
(842895647, '2024-08-10'),
(149310024, '2024-06-02'),
(813645062, '2024-04-29'),
(502510531, '2024-05-01'),
(548308063, '2024-03-30'),
(162234728, '2025-03-03'),
(378180607, '2024-06-08'),
(355028305, '2025-02-03'),
(857156274, '2024-06-11'),
(295823661, '2024-12-03'),
(310393085, '2024-11-18'),
(979793738, '2025-01-24'),
(909262567, '2024-07-26'),
(589681785, '2024-05-24'),
(646874463, '2024-11-04'),
(548133826, '2024-11-16'),
(240191493, '2024-06-06'),
(992903489, '2024-07-06'),
(408199698, '2024-08-04'),
(352101738, '2024-06-19'),
(716344410, '2024-08-29'),
(427930827, '2025-03-22'),
(843126023, '2025-01-16'),
(401893098, '2025-02-12'),
(643011594, '2024-08-02'),
(856336520, '2024-10-09'),
(478365011, '2025-01-15'),
(124196093, '2024-12-21'),
(391768984, '2025-02-12'),
(571626830, '2024-12-18'),
(315696564, '2024-05-12'),
(179204560, '2024-09-03'),
(136969774, '2025-01-28'),
(622781321, '2024-10-05'),
(399649043, '2025-02-11'),
(443822147, '2024-04-01'),
(164878552, '2024-09-12'),
(728540820, '2024-08-08'),
(821108220, '2024-04-21'),
(925149731, '2024-12-12'),
(973292686, '2024-11-13'),
(816622172, '2025-02-23'),
(354513686, '2025-01-11'),
(643868000, '2024-04-10');

INSERT INTO Employee (SSN, hotel_id, salary) VALUES
(207848654, 45, 77446.67),
(414961060, 19, 41233.89),
(357797470, 15, 60619.64),
(847016848, 39, 87922.2),
(641416185, 14, 32166.99),
(567673671, 12, 36342.11),
(502169380, 12, 65201.16),
(358571480, 6, 48907.21),
(147052735, 1, 50559.58),
(308344639, 2, 71918.56),
(893988263, 3, 35078.81),
(615173563, 28, 89468.0),
(388142592, 16, 55545.56),
(632408190, 2, 87428.75),
(604442283, 6, 47535.53),
(443760753, 39, 84345.28),
(527933956, 17, 59278.14),
(763877404, 12, 52359.14),
(355773497, 7, 88509.6),
(607435565, 48, 56733.66),
(145010145, 19, 71069.83),
(458714286, 9, 61293.63),
(137328842, 22, 65245.21),
(287088748, 38, 88064.38),
(484064114, 37, 80312.18),
(907499686, 39, 60862.98),
(204458292, 13, 84399.93),
(106086744, 15, 70559.51),
(888684632, 18, 73177.86),
(472145905, 35, 75503.85),
(714693507, 27, 56996.44),
(390412011, 11, 93202.47),
(178832761, 22, 79278.56),
(222593947, 2, 55116.98),
(401412926, 9, 67913.02),
(206316430, 16, 52196.37),
(781089784, 7, 58169.55),
(111289147, 15, 59169.73),
(429762107, 27, 51061.28),
(717691364, 12, 76141.79),
(449185890, 18, 58882.06),
(242793363, 11, 40300.69),
(361394062, 18, 86543.92),
(179935662, 8, 75010.25),
(463790457, 2, 63260.04),
(956256406, 21, 81022.09),
(423896808, 20, 60643.34),
(444296558, 29, 55875.79),
(411020691, 19, 39411.89),
(966271933, 22, 87268.54),
(227797789, 22, 62500.88),
(145449414, 22, 42770.24),
(233647540, 18, 43606.17),
(813605954, 31, 52406.73),
(251261941, 6, 58842.26),
(791839112, 7, 80091.82),
(127221125, 23, 76873.34),
(978376211, 12, 41772.82),
(372048346, 10, 51771.68),
(302193499, 13, 92609.34),
(925995610, 7, 43165.82),
(752324565, 1, 51365.04),
(766777921, 22, 93062.44),
(102352503, 11, 38194.75),
(105226724, 18, 56150.79),
(617203500, 25, 50100.55),
(969959930, 18, 70328.02),
(432423283, 8, 36989.16),
(534938078, 4, 58846.66),
(390916210, 9, 73834.96),
(323035403, 32, 33995.82),
(314435281, 32, 70916.44),
(250801930, 30, 46137.87),
(961011130, 7, 74987.59),
(500770820, 4, 34372.65),
(177870432, 28, 39774.55),
(109778775, 3, 94718.13),
(625334091, 5, 34047.12),
(165695192, 3, 73394.54),
(897739170, 30, 50726.26),
(852785959, 5, 82353.93),
(594639404, 15, 92346.74),
(807388000, 27, 39505.98),
(486627471, 25, 75099.27),
(140773992, 23, 39734.33),
(324633270, 21, 77218.06),
(150266360, 12, 87755.31),
(349259622, 18, 43133.75),
(671341474, 24, 84494.26),
(295873170, 1, 51437.63);

INSERT INTO Employee_Role (employee_id, role) VALUES
(1, 'Housekeeper'),
(2, 'Housekeeper'),
(3, 'Security'),
(4, 'Front Desk'),
(5, 'Cleaner'),
(5, 'Receptionist'),
(6, 'Security'),
(7, 'Maintenance'),
(7, 'Concierge'),
(8, 'Cleaner'),
(9, 'Housekeeper'),
(9, 'IT Support'),
(10, 'IT Support'),
(10, 'Housekeeper'),
(11, 'Housekeeper'),
(11, 'Concierge'),
(12, 'IT Support'),
(13, 'IT Support'),
(13, 'Cleaner'),
(14, 'IT Support'),
(16, 'Maintenance'),
(16, 'Concierge'),
(17, 'Maintenance'),
(18, 'IT Support'),
(19, 'Maintenance'),
(20, 'Front Desk'),
(20, 'Maintenance'),
(21, 'Receptionist'),
(22, 'Concierge'),
(23, 'Receptionist'),
(24, 'Maintenance'),
(26, 'IT Support'),
(26, 'Front Desk'),
(27, 'Cleaner'),
(28, 'Receptionist'),
(29, 'Receptionist'),
(30, 'Cleaner'),
(30, 'Front Desk'),
(1, 'Cleaner'),
(1, 'Maintenance'),
(2, 'Front Desk'),
(3, 'Maintenance'),
(3, 'Cleaner'),
(4, 'IT Support'),
(4, 'Concierge'),
(5, 'Front Desk'),
(6, 'Maintenance'),
(7, 'Housekeeper'),
(7, 'Front Desk'),
(8, 'Maintenance'),
(9, 'Front Desk'),
(10, 'Receptionist'),
(11, 'Cleaner'),
(12, 'Housekeeper'),
(13, 'Receptionist'),
(14, 'Security'),
(15, 'Receptionist'),
(15, 'Housekeeper'),
(16, 'Security'),
(16, 'Front Desk'),
(17, 'Receptionist'),
(18, 'Housekeeper'),
(18, 'Front Desk'),
(19, 'IT Support'),
(20, 'IT Support'),
(20, 'Concierge'),
(21, 'Cleaner'),
(21, 'Security'),
(22, 'Housekeeper'),
(22, 'Maintenance'),
(23, 'IT Support'),
(24, 'Cleaner'),
(24, 'Security'),
(25, 'IT Support'),
(25, 'Front Desk'),
(26, 'Maintenance'),
(26, 'Housekeeper'),
(27, 'Security'),
(27, 'Housekeeper'),
(28, 'Housekeeper'),
(28, 'Front Desk'),
(29, 'Security'),
(30, 'Receptionist'),
(31, 'IT Support'),
(32, 'Housekeeper'),
(33, 'Concierge'),
(33, 'IT Support'),
(34, 'Maintenance'),
(35, 'IT Support'),
(35, 'Cleaner'),
(36, 'Security'),
(37, 'Maintenance'),
(38, 'Security'),
(39, 'Cleaner'),
(40, 'Security'),
(40, 'Concierge'),
(41, 'Receptionist'),
(42, 'IT Support'),
(43, 'Receptionist'),
(44, 'Housekeeper'),
(44, 'Concierge'),
(45, 'Security'),
(46, 'Housekeeper'),
(46, 'Concierge'),
(47, 'Security'),
(48, 'IT Support'),
(49, 'Receptionist'),
(50, 'Concierge'),
(50, 'IT Support'),
(51, 'IT Support'),
(51, 'Concierge'),
(52, 'IT Support'),
(52, 'Maintenance'),
(53, 'Maintenance'),
(53, 'Housekeeper'),
(54, 'Security'),
(55, 'Housekeeper'),
(56, 'Maintenance'),
(56, 'IT Support'),
(57, 'Maintenance'),
(57, 'Concierge'),
(58, 'IT Support'),
(58, 'Security'),
(59, 'Front Desk'),
(60, 'IT Support');

INSERT INTO Booking (customer_id, hotel_id, room_type_id, confirmation_date, checkin_date, checkout_date, cancelled) VALUES
(60, 27, 1, '2025-05-13 00:00:00', '2025-05-23', '2025-05-27', FALSE),
(14, 31, 7, '2025-04-01 00:00:00', '2025-04-10', '2025-04-11', FALSE),
(22, 44, 4, '2025-05-15 00:00:00', '2025-05-24', '2025-06-01', FALSE),
(17, 2, 8, '2025-06-25 00:00:00', '2025-07-04', '2025-07-06', FALSE),
(10, 38, 3, '2025-06-08 00:00:00', '2025-06-10', '2025-06-14', TRUE),
(34, 35, 4, '2025-04-03 00:00:00', '2025-04-06', '2025-04-13', FALSE),
(6, 29, 7, '2025-04-12 00:00:00', '2025-04-22', '2025-04-28', FALSE),
(19, 33, 4, '2025-04-18 00:00:00', '2025-04-27', '2025-05-04', FALSE),
(25, 7, 5, '2025-06-20 00:00:00', '2025-06-21', '2025-06-25', FALSE),
(45, 43, 3, '2025-06-11 00:00:00', '2025-06-16', '2025-06-24', TRUE),
(1, 18, 10, '2025-06-09 00:00:00', '2025-06-16', '2025-06-23', FALSE),
(48, 5, 9, '2025-05-25 00:00:00', '2025-06-02', '2025-06-03', FALSE),
(44, 26, 9, '2025-05-28 00:00:00', '2025-05-30', '2025-06-08', FALSE),
(41, 35, 3, '2025-05-02 00:00:00', '2025-05-04', '2025-05-05', FALSE),
(27, 8, 6, '2025-05-25 00:00:00', '2025-05-28', '2025-05-31', FALSE),
(18, 15, 8, '2025-05-21 00:00:00', '2025-05-26', '2025-05-30', FALSE),
(28, 31, 10, '2025-05-05 00:00:00', '2025-05-14', '2025-05-16', FALSE),
(23, 14, 2, '2025-06-04 00:00:00', '2025-06-06', '2025-06-12', FALSE),
(32, 15, 6, '2025-06-14 00:00:00', '2025-06-23', '2025-06-24', FALSE),
(9, 31, 10, '2025-06-30 00:00:00', '2025-07-06', '2025-07-12', FALSE),
(5, 25, 1, '2025-04-03 00:00:00', '2025-04-07', '2025-04-08', FALSE),
(50, 12, 10, '2025-05-01 00:00:00', '2025-05-02', '2025-05-06', FALSE),
(31, 38, 5, '2025-04-06 00:00:00', '2025-04-13', '2025-04-23', FALSE),
(4, 39, 8, '2025-06-14 00:00:00', '2025-06-24', '2025-06-29', FALSE),
(20, 42, 3, '2025-04-10 00:00:00', '2025-04-17', '2025-04-19', TRUE),
(37, 47, 4, '2025-06-27 00:00:00', '2025-07-03', '2025-07-10', FALSE),
(47, 4, 2, '2025-05-11 00:00:00', '2025-05-18', '2025-05-25', TRUE),
(35, 31, 1, '2025-06-13 00:00:00', '2025-06-15', '2025-06-20', FALSE),
(54, 42, 3, '2025-06-02 00:00:00', '2025-06-07', '2025-06-08', FALSE),
(40, 23, 6, '2025-06-23 00:00:00', '2025-07-03', '2025-07-06', FALSE),
(36, 35, 9, '2025-05-18 00:00:00', '2025-05-22', '2025-05-29', TRUE),
(57, 16, 9, '2025-06-15 00:00:00', '2025-06-16', '2025-06-21', FALSE),
(11, 13, 10, '2025-05-17 00:00:00', '2025-05-21', '2025-05-22', TRUE),
(30, 10, 4, '2025-04-18 00:00:00', '2025-04-25', '2025-05-02', FALSE),
(52, 18, 8, '2025-06-29 00:00:00', '2025-06-30', '2025-07-02', FALSE),
(58, 41, 2, '2025-05-09 00:00:00', '2025-05-17', '2025-05-19', TRUE),
(2, 10, 7, '2025-06-24 00:00:00', '2025-07-04', '2025-07-07', FALSE),
(24, 43, 5, '2025-06-06 00:00:00', '2025-06-09', '2025-06-12', FALSE),
(59, 38, 1, '2025-04-17 00:00:00', '2025-04-19', '2025-04-24', FALSE),
(13, 23, 9, '2025-05-10 00:00:00', '2025-05-16', '2025-05-23', FALSE),
(39, 1, 8, '2025-05-26 00:00:00', '2025-05-31', '2025-06-02', FALSE),
(31, 1, 4, '2025-05-04 00:00:00', '2025-05-11', '2025-05-15', FALSE),
(9, 1, 6, '2025-05-28 00:00:00', '2025-06-02', '2025-06-03', FALSE),
(4, 1, 9, '2025-05-19 00:00:00', '2025-05-20', '2025-05-25', FALSE),
(35, 1, 1, '2025-04-26 00:00:00', '2025-05-02', '2025-05-06', TRUE),
(47, 1, 10, '2025-06-03 00:00:00', '2025-06-05', '2025-06-10', FALSE),
(24, 1, 5, '2025-04-27 00:00:00', '2025-04-30', '2025-05-02', FALSE),
(5, 1, 1, '2025-05-28 00:00:00', '2025-06-04', '2025-06-06', FALSE),
(59, 1, 3, '2025-05-17 00:00:00', '2025-05-18', '2025-05-21', FALSE),
(3, 1, 6, '2025-06-16 00:00:00', '2025-06-25', '2025-06-27', FALSE),
(40, 2, 8, '2025-04-24 00:00:00', '2025-04-27', '2025-05-01', FALSE),
(8, 2, 4, '2025-06-04 00:00:00', '2025-06-08', '2025-06-09', TRUE),
(52, 2, 9, '2025-04-30 00:00:00', '2025-05-02', '2025-05-03', FALSE),
(45, 2, 6, '2025-04-01 00:00:00', '2025-04-05', '2025-04-10', TRUE),
(12, 2, 3, '2025-05-03 00:00:00', '2025-05-06', '2025-05-08', FALSE),
(16, 2, 5, '2025-06-29 00:00:00', '2025-07-01', '2025-07-06', FALSE),
(40, 2, 10, '2025-06-16 00:00:00', '2025-06-18', '2025-06-21', FALSE),
(7, 2, 1, '2025-04-30 00:00:00', '2025-05-07', '2025-05-08', TRUE),
(27, 2, 1, '2025-04-22 00:00:00', '2025-05-02', '2025-05-05', FALSE),
(55, 2, 2, '2025-05-19 00:00:00', '2025-05-28', '2025-06-01', FALSE),
(40, 3, 8, '2025-04-25 00:00:00', '2025-04-29', '2025-05-02', TRUE),
(61, 3, 9, '2025-06-22 00:00:00', '2025-06-30', '2025-07-02', TRUE),
(71, 3, 9, '2025-04-27 00:00:00', '2025-04-30', '2025-05-04', FALSE),
(49, 3, 8, '2025-04-29 00:00:00', '2025-05-06', '2025-05-11', FALSE),
(34, 3, 10, '2025-04-30 00:00:00', '2025-05-04', '2025-05-07', TRUE),
(32, 3, 2, '2025-05-26 00:00:00', '2025-05-30', '2025-06-01', FALSE),
(1, 3, 9, '2025-05-16 00:00:00', '2025-05-19', '2025-05-22', FALSE),
(18, 3, 5, '2025-05-21 00:00:00', '2025-05-29', '2025-06-03', TRUE),
(22, 3, 7, '2025-06-09 00:00:00', '2025-06-18', '2025-06-21', FALSE),
(30, 3, 1, '2025-05-30 00:00:00', '2025-06-02', '2025-06-07', TRUE),
(37, 4, 10, '2025-06-24 00:00:00', '2025-06-28', '2025-07-02', FALSE),
(71, 4, 2, '2025-06-24 00:00:00', '2025-06-25', '2025-06-27', FALSE),
(16, 4, 4, '2025-03-29 00:00:00', '2025-04-04', '2025-04-07', FALSE),
(54, 4, 3, '2025-06-14 00:00:00', '2025-06-21', '2025-06-23', FALSE),
(47, 4, 4, '2025-06-10 00:00:00', '2025-06-18', '2025-06-21', FALSE),
(73, 4, 8, '2025-04-19 00:00:00', '2025-04-29', '2025-05-04', FALSE),
(26, 4, 6, '2025-03-30 00:00:00', '2025-04-03', '2025-04-08', FALSE),
(41, 4, 2, '2025-05-28 00:00:00', '2025-06-05', '2025-06-06', FALSE),
(5, 4, 8, '2025-04-29 00:00:00', '2025-05-01', '2025-05-04', FALSE),
(36, 4, 8, '2025-05-31 00:00:00', '2025-06-09', '2025-06-13', TRUE),
(56, 5, 4, '2025-05-07 00:00:00', '2025-05-10', '2025-05-13', FALSE),
(47, 5, 1, '2025-04-14 00:00:00', '2025-04-15', '2025-04-18', TRUE),
(12, 5, 10, '2025-04-17 00:00:00', '2025-04-25', '2025-04-26', TRUE),
(38, 5, 6, '2025-06-21 00:00:00', '2025-06-26', '2025-06-28', FALSE),
(13, 5, 9, '2025-05-10 00:00:00', '2025-05-13', '2025-05-14', FALSE),
(64, 5, 8, '2025-04-10 00:00:00', '2025-04-15', '2025-04-16', FALSE),
(77, 5, 4, '2025-05-10 00:00:00', '2025-05-17', '2025-05-22', FALSE),
(29, 5, 5, '2025-05-26 00:00:00', '2025-05-30', '2025-06-04', TRUE),
(73, 5, 7, '2025-04-16 00:00:00', '2025-04-22', '2025-04-27', FALSE),
(76, 5, 9, '2025-05-05 00:00:00', '2025-05-13', '2025-05-18', FALSE),
(75, 6, 5, '2025-04-12 00:00:00', '2025-04-20', '2025-04-24', FALSE),
(66, 6, 5, '2025-06-24 00:00:00', '2025-06-29', '2025-06-30', FALSE),
(36, 6, 4, '2025-06-02 00:00:00', '2025-06-08', '2025-06-10', TRUE),
(79, 6, 7, '2025-04-04 00:00:00', '2025-04-10', '2025-04-11', FALSE),
(16, 6, 1, '2025-06-07 00:00:00', '2025-06-11', '2025-06-13', TRUE),
(10, 6, 1, '2025-04-07 00:00:00', '2025-04-12', '2025-04-16', FALSE),
(52, 6, 3, '2025-04-24 00:00:00', '2025-05-02', '2025-05-04', FALSE),
(72, 6, 10, '2025-06-10 00:00:00', '2025-06-14', '2025-06-18', FALSE),
(52, 6, 1, '2025-04-30 00:00:00', '2025-05-01', '2025-05-05', FALSE),
(2, 6, 9, '2025-04-04 00:00:00', '2025-04-12', '2025-04-16', FALSE),
(8, 7, 1, '2025-04-14 00:00:00', '2025-04-21', '2025-04-24', FALSE),
(71, 7, 1, '2025-04-25 00:00:00', '2025-04-27', '2025-05-01', FALSE),
(47, 7, 5, '2025-06-08 00:00:00', '2025-06-14', '2025-06-19', FALSE),
(45, 7, 6, '2025-05-18 00:00:00', '2025-05-28', '2025-05-30', FALSE),
(44, 7, 9, '2025-04-10 00:00:00', '2025-04-13', '2025-04-14', FALSE),
(59, 7, 10, '2025-06-11 00:00:00', '2025-06-15', '2025-06-16', TRUE),
(48, 7, 1, '2025-06-21 00:00:00', '2025-06-22', '2025-06-23', FALSE),
(15, 7, 4, '2025-06-17 00:00:00', '2025-06-25', '2025-06-27', FALSE),
(26, 7, 9, '2025-04-05 00:00:00', '2025-04-11', '2025-04-13', TRUE),
(65, 7, 9, '2025-06-24 00:00:00', '2025-07-01', '2025-07-03', FALSE),
(1, 8, 10, '2025-05-08 00:00:00', '2025-05-09', '2025-05-13', TRUE),
(38, 8, 7, '2025-06-19 00:00:00', '2025-06-22', '2025-06-26', FALSE),
(43, 8, 2, '2025-06-05 00:00:00', '2025-06-08', '2025-06-09', FALSE),
(25, 8, 5, '2025-04-17 00:00:00', '2025-04-25', '2025-04-27', TRUE),
(79, 8, 6, '2025-05-19 00:00:00', '2025-05-28', '2025-05-30', FALSE),
(36, 8, 5, '2025-05-25 00:00:00', '2025-06-03', '2025-06-05', FALSE),
(51, 8, 3, '2025-03-31 00:00:00', '2025-04-10', '2025-04-15', TRUE),
(73, 8, 5, '2025-05-30 00:00:00', '2025-06-02', '2025-06-06', TRUE),
(72, 8, 1, '2025-05-14 00:00:00', '2025-05-23', '2025-05-25', FALSE),
(59, 8, 7, '2025-05-18 00:00:00', '2025-05-24', '2025-05-28', FALSE),
(24, 9, 3, '2025-05-13 00:00:00', '2025-05-21', '2025-05-26', TRUE),
(72, 9, 9, '2025-06-03 00:00:00', '2025-06-04', '2025-06-08', TRUE),
(18, 9, 3, '2025-05-21 00:00:00', '2025-05-31', '2025-06-02', FALSE),
(80, 9, 7, '2025-04-19 00:00:00', '2025-04-25', '2025-04-26', FALSE),
(58, 9, 3, '2025-06-07 00:00:00', '2025-06-08', '2025-06-10', FALSE),
(46, 9, 6, '2025-05-12 00:00:00', '2025-05-13', '2025-05-16', FALSE),
(25, 9, 6, '2025-04-20 00:00:00', '2025-04-27', '2025-05-01', FALSE),
(63, 9, 8, '2025-05-18 00:00:00', '2025-05-19', '2025-05-22', FALSE),
(41, 9, 5, '2025-06-28 00:00:00', '2025-06-30', '2025-07-03', FALSE),
(69, 9, 4, '2025-03-30 00:00:00', '2025-04-06', '2025-04-07', FALSE),
(70, 10, 6, '2025-04-20 00:00:00', '2025-04-27', '2025-04-30', TRUE),
(29, 10, 7, '2025-03-26 00:00:00', '2025-04-02', '2025-04-05', FALSE),
(41, 10, 8, '2025-06-20 00:00:00', '2025-06-26', '2025-06-30', FALSE),
(68, 10, 8, '2025-04-30 00:00:00', '2025-05-07', '2025-05-09', FALSE),
(6, 10, 7, '2025-05-05 00:00:00', '2025-05-08', '2025-05-09', FALSE),
(61, 10, 10, '2025-06-08 00:00:00', '2025-06-09', '2025-06-12', FALSE),
(2, 10, 2, '2025-06-02 00:00:00', '2025-06-06', '2025-06-07', FALSE),
(46, 10, 3, '2025-05-12 00:00:00', '2025-05-18', '2025-05-21', FALSE),
(72, 10, 6, '2025-05-13 00:00:00', '2025-05-18', '2025-05-20', TRUE),
(57, 10, 9, '2025-06-01 00:00:00', '2025-06-06', '2025-06-07', FALSE),
(12, 11, 10, '2025-06-07 00:00:00', '2025-06-09', '2025-06-10', FALSE),
(73, 11, 3, '2025-04-16 00:00:00', '2025-04-23', '2025-04-28', FALSE),
(33, 11, 4, '2025-06-13 00:00:00', '2025-06-16', '2025-06-21', FALSE),
(48, 11, 6, '2025-04-19 00:00:00', '2025-04-25', '2025-04-26', FALSE),
(70, 11, 6, '2025-04-17 00:00:00', '2025-04-25', '2025-04-29', FALSE),
(45, 11, 6, '2025-05-20 00:00:00', '2025-05-29', '2025-05-30', TRUE),
(55, 11, 7, '2025-06-11 00:00:00', '2025-06-13', '2025-06-17', FALSE),
(57, 11, 2, '2025-05-25 00:00:00', '2025-06-03', '2025-06-08', FALSE),
(27, 11, 5, '2025-05-02 00:00:00', '2025-05-09', '2025-05-10', FALSE),
(55, 11, 9, '2025-06-22 00:00:00', '2025-06-24', '2025-06-27', TRUE),
(6, 12, 8, '2025-04-22 00:00:00', '2025-05-02', '2025-05-07', TRUE),
(42, 12, 10, '2025-06-24 00:00:00', '2025-06-25', '2025-06-28', FALSE),
(54, 12, 9, '2025-05-03 00:00:00', '2025-05-05', '2025-05-07', FALSE),
(70, 12, 5, '2025-05-17 00:00:00', '2025-05-26', '2025-05-30', FALSE),
(56, 12, 7, '2025-04-09 00:00:00', '2025-04-18', '2025-04-20', TRUE),
(73, 12, 10, '2025-05-28 00:00:00', '2025-05-29', '2025-05-30', FALSE),
(78, 12, 2, '2025-06-27 00:00:00', '2025-07-01', '2025-07-04', FALSE),
(39, 12, 6, '2025-06-14 00:00:00', '2025-06-19', '2025-06-21', FALSE),
(80, 12, 1, '2025-05-23 00:00:00', '2025-06-02', '2025-06-03', FALSE),
(13, 12, 2, '2025-06-12 00:00:00', '2025-06-19', '2025-06-20', FALSE),
(17, 13, 9, '2025-06-13 00:00:00', '2025-06-16', '2025-06-18', FALSE),
(32, 13, 7, '2025-06-28 00:00:00', '2025-06-29', '2025-07-01', FALSE),
(15, 13, 8, '2025-04-13 00:00:00', '2025-04-22', '2025-04-24', FALSE),
(21, 13, 2, '2025-05-24 00:00:00', '2025-05-27', '2025-05-30', FALSE),
(42, 13, 7, '2025-06-06 00:00:00', '2025-06-09', '2025-06-12', FALSE),
(79, 13, 7, '2025-06-05 00:00:00', '2025-06-14', '2025-06-16', FALSE),
(53, 13, 8, '2025-05-11 00:00:00', '2025-05-19', '2025-05-23', FALSE),
(50, 13, 8, '2025-03-31 00:00:00', '2025-04-03', '2025-04-05', FALSE),
(47, 13, 7, '2025-05-25 00:00:00', '2025-06-02', '2025-06-04', TRUE),
(65, 13, 2, '2025-06-03 00:00:00', '2025-06-11', '2025-06-16', FALSE),
(47, 14, 6, '2025-03-30 00:00:00', '2025-04-07', '2025-04-11', TRUE),
(17, 14, 8, '2025-04-30 00:00:00', '2025-05-08', '2025-05-10', FALSE),
(17, 14, 6, '2025-05-11 00:00:00', '2025-05-16', '2025-05-19', FALSE),
(47, 14, 8, '2025-05-18 00:00:00', '2025-05-22', '2025-05-25', FALSE),
(75, 14, 2, '2025-06-15 00:00:00', '2025-06-18', '2025-06-19', TRUE),
(2, 14, 5, '2025-04-23 00:00:00', '2025-04-27', '2025-04-30', TRUE),
(17, 14, 9, '2025-06-19 00:00:00', '2025-06-29', '2025-06-30', FALSE),
(78, 14, 4, '2025-04-10 00:00:00', '2025-04-13', '2025-04-16', FALSE),
(64, 14, 10, '2025-04-05 00:00:00', '2025-04-06', '2025-04-09', FALSE),
(79, 14, 4, '2025-05-12 00:00:00', '2025-05-22', '2025-05-24', FALSE),
(53, 15, 10, '2025-06-08 00:00:00', '2025-06-09', '2025-06-14', FALSE),
(71, 15, 5, '2025-05-27 00:00:00', '2025-06-05', '2025-06-07', FALSE),
(6, 15, 4, '2025-04-25 00:00:00', '2025-04-28', '2025-04-30', FALSE),
(43, 15, 10, '2025-05-04 00:00:00', '2025-05-09', '2025-05-10', FALSE),
(31, 15, 10, '2025-06-20 00:00:00', '2025-06-26', '2025-06-29', FALSE),
(65, 15, 6, '2025-05-17 00:00:00', '2025-05-20', '2025-05-25', FALSE),
(14, 15, 9, '2025-06-17 00:00:00', '2025-06-20', '2025-06-24', FALSE),
(54, 15, 4, '2025-06-19 00:00:00', '2025-06-29', '2025-06-30', FALSE),
(78, 15, 2, '2025-06-03 00:00:00', '2025-06-04', '2025-06-09', FALSE),
(25, 15, 6, '2025-05-12 00:00:00', '2025-05-17', '2025-05-19', FALSE),
(63, 16, 1, '2025-05-25 00:00:00', '2025-05-30', '2025-06-02', FALSE),
(63, 16, 5, '2025-04-01 00:00:00', '2025-04-04', '2025-04-08', FALSE),
(7, 16, 8, '2025-04-08 00:00:00', '2025-04-15', '2025-04-20', FALSE),
(75, 16, 2, '2025-05-15 00:00:00', '2025-05-21', '2025-05-24', FALSE),
(66, 16, 3, '2025-04-13 00:00:00', '2025-04-22', '2025-04-27', FALSE),
(40, 16, 4, '2025-05-08 00:00:00', '2025-05-12', '2025-05-13', FALSE),
(79, 16, 3, '2025-03-25 00:00:00', '2025-04-03', '2025-04-04', FALSE),
(5, 16, 6, '2025-04-18 00:00:00', '2025-04-21', '2025-04-22', FALSE),
(47, 16, 4, '2025-06-07 00:00:00', '2025-06-13', '2025-06-15', FALSE),
(76, 16, 1, '2025-06-01 00:00:00', '2025-06-10', '2025-06-12', FALSE),
(14, 17, 8, '2025-05-18 00:00:00', '2025-05-26', '2025-05-27', FALSE),
(76, 17, 4, '2025-06-06 00:00:00', '2025-06-10', '2025-06-12', FALSE),
(38, 17, 9, '2025-05-20 00:00:00', '2025-05-24', '2025-05-29', FALSE),
(24, 17, 5, '2025-04-28 00:00:00', '2025-05-06', '2025-05-07', TRUE),
(9, 17, 8, '2025-04-05 00:00:00', '2025-04-10', '2025-04-11', FALSE),
(79, 17, 5, '2025-05-29 00:00:00', '2025-06-06', '2025-06-07', TRUE),
(45, 17, 4, '2025-06-16 00:00:00', '2025-06-21', '2025-06-23', FALSE),
(61, 17, 4, '2025-06-05 00:00:00', '2025-06-11', '2025-06-16', FALSE),
(31, 17, 2, '2025-05-04 00:00:00', '2025-05-08', '2025-05-10', TRUE),
(50, 17, 4, '2025-03-27 00:00:00', '2025-04-02', '2025-04-04', FALSE),
(33, 18, 3, '2025-04-02 00:00:00', '2025-04-11', '2025-04-14', FALSE),
(28, 18, 1, '2025-05-20 00:00:00', '2025-05-21', '2025-05-25', FALSE),
(37, 18, 5, '2025-06-20 00:00:00', '2025-06-22', '2025-06-24', FALSE),
(71, 18, 4, '2025-05-26 00:00:00', '2025-06-03', '2025-06-04', FALSE),
(32, 18, 3, '2025-06-16 00:00:00', '2025-06-21', '2025-06-22', FALSE),
(69, 18, 2, '2025-05-19 00:00:00', '2025-05-29', '2025-06-02', FALSE),
(15, 18, 3, '2025-05-14 00:00:00', '2025-05-24', '2025-05-28', FALSE),
(45, 18, 5, '2025-05-05 00:00:00', '2025-05-11', '2025-05-14', FALSE),
(16, 18, 6, '2025-06-21 00:00:00', '2025-06-24', '2025-06-26', TRUE),
(13, 18, 9, '2025-05-05 00:00:00', '2025-05-11', '2025-05-13', FALSE),
(53, 19, 8, '2025-06-22 00:00:00', '2025-06-26', '2025-06-30', FALSE),
(36, 19, 1, '2025-06-04 00:00:00', '2025-06-06', '2025-06-07', FALSE),
(8, 19, 1, '2025-06-14 00:00:00', '2025-06-17', '2025-06-20', FALSE),
(27, 19, 10, '2025-05-25 00:00:00', '2025-06-01', '2025-06-03', TRUE),
(3, 19, 9, '2025-06-23 00:00:00', '2025-06-28', '2025-07-01', FALSE),
(63, 19, 2, '2025-06-14 00:00:00', '2025-06-24', '2025-06-25', FALSE),
(44, 19, 10, '2025-05-23 00:00:00', '2025-05-27', '2025-05-30', FALSE),
(46, 19, 8, '2025-05-02 00:00:00', '2025-05-03', '2025-05-08', FALSE),
(32, 19, 4, '2025-06-19 00:00:00', '2025-06-29', '2025-07-04', FALSE),
(71, 19, 2, '2025-05-24 00:00:00', '2025-05-29', '2025-06-01', FALSE),
(67, 20, 3, '2025-05-25 00:00:00', '2025-06-01', '2025-06-04', FALSE),
(30, 20, 8, '2025-04-22 00:00:00', '2025-04-24', '2025-04-25', FALSE),
(24, 20, 4, '2025-05-08 00:00:00', '2025-05-13', '2025-05-16', FALSE),
(26, 20, 6, '2025-03-31 00:00:00', '2025-04-05', '2025-04-09', FALSE),
(5, 20, 9, '2025-04-17 00:00:00', '2025-04-21', '2025-04-23', FALSE),
(63, 20, 5, '2025-06-05 00:00:00', '2025-06-15', '2025-06-18', FALSE),
(34, 20, 3, '2025-06-14 00:00:00', '2025-06-18', '2025-06-23', FALSE),
(30, 20, 10, '2025-06-23 00:00:00', '2025-06-26', '2025-06-28', FALSE),
(5, 20, 10, '2025-05-24 00:00:00', '2025-05-26', '2025-05-31', TRUE),
(13, 20, 6, '2025-06-14 00:00:00', '2025-06-21', '2025-06-22', TRUE),
(60, 21, 7, '2025-04-14 00:00:00', '2025-04-16', '2025-04-17', TRUE),
(49, 21, 4, '2025-04-24 00:00:00', '2025-04-29', '2025-04-30', FALSE),
(9, 21, 5, '2025-04-04 00:00:00', '2025-04-08', '2025-04-13', FALSE),
(29, 21, 8, '2025-05-28 00:00:00', '2025-05-31', '2025-06-02', FALSE),
(78, 21, 9, '2025-05-01 00:00:00', '2025-05-07', '2025-05-08', TRUE),
(28, 21, 10, '2025-05-20 00:00:00', '2025-05-30', '2025-06-02', FALSE),
(29, 21, 7, '2025-06-21 00:00:00', '2025-06-28', '2025-06-29', FALSE),
(61, 21, 6, '2025-04-10 00:00:00', '2025-04-13', '2025-04-17', FALSE),
(3, 21, 2, '2025-06-06 00:00:00', '2025-06-10', '2025-06-11', FALSE),
(13, 21, 1, '2025-06-23 00:00:00', '2025-06-30', '2025-07-05', FALSE),
(33, 22, 8, '2025-06-15 00:00:00', '2025-06-21', '2025-06-23', FALSE),
(69, 22, 7, '2025-05-28 00:00:00', '2025-05-31', '2025-06-03', TRUE),
(56, 22, 4, '2025-04-16 00:00:00', '2025-04-22', '2025-04-27', FALSE),
(1, 22, 8, '2025-04-06 00:00:00', '2025-04-15', '2025-04-19', FALSE),
(75, 22, 3, '2025-05-08 00:00:00', '2025-05-10', '2025-05-13', FALSE),
(49, 22, 9, '2025-06-05 00:00:00', '2025-06-09', '2025-06-12', FALSE),
(36, 22, 3, '2025-04-25 00:00:00', '2025-05-05', '2025-05-06', FALSE),
(35, 22, 8, '2025-05-23 00:00:00', '2025-06-02', '2025-06-06', FALSE),
(5, 22, 4, '2025-04-18 00:00:00', '2025-04-25', '2025-04-27', FALSE),
(6, 22, 4, '2025-05-25 00:00:00', '2025-06-01', '2025-06-02', FALSE),
(13, 23, 5, '2025-05-16 00:00:00', '2025-05-19', '2025-05-24', FALSE),
(24, 23, 4, '2025-05-15 00:00:00', '2025-05-19', '2025-05-22', TRUE),
(27, 23, 10, '2025-03-28 00:00:00', '2025-04-03', '2025-04-06', FALSE),
(57, 23, 3, '2025-06-26 00:00:00', '2025-06-28', '2025-06-30', FALSE),
(13, 23, 1, '2025-06-08 00:00:00', '2025-06-15', '2025-06-19', FALSE),
(29, 23, 10, '2025-03-31 00:00:00', '2025-04-02', '2025-04-03', TRUE),
(27, 23, 1, '2025-05-18 00:00:00', '2025-05-20', '2025-05-25', TRUE),
(46, 23, 1, '2025-06-15 00:00:00', '2025-06-21', '2025-06-25', FALSE),
(29, 23, 1, '2025-06-18 00:00:00', '2025-06-22', '2025-06-26', FALSE),
(61, 23, 8, '2025-04-03 00:00:00', '2025-04-05', '2025-04-08', FALSE),
(45, 24, 6, '2025-05-23 00:00:00', '2025-05-29', '2025-05-31', FALSE),
(45, 24, 7, '2025-05-31 00:00:00', '2025-06-02', '2025-06-06', TRUE),
(43, 24, 4, '2025-04-29 00:00:00', '2025-05-07', '2025-05-10', FALSE),
(50, 24, 10, '2025-05-30 00:00:00', '2025-06-06', '2025-06-08', FALSE),
(31, 24, 9, '2025-06-07 00:00:00', '2025-06-16', '2025-06-19', FALSE),
(1, 24, 8, '2025-04-07 00:00:00', '2025-04-14', '2025-04-18', FALSE),
(54, 24, 6, '2025-05-26 00:00:00', '2025-05-31', '2025-06-03', FALSE),
(78, 24, 10, '2025-04-14 00:00:00', '2025-04-19', '2025-04-23', FALSE),
(43, 24, 1, '2025-03-29 00:00:00', '2025-04-07', '2025-04-10', FALSE),
(71, 24, 10, '2025-05-06 00:00:00', '2025-05-13', '2025-05-17', FALSE),
(18, 25, 2, '2025-03-30 00:00:00', '2025-04-02', '2025-04-03', FALSE),
(32, 25, 1, '2025-04-13 00:00:00', '2025-04-16', '2025-04-19', TRUE),
(61, 25, 1, '2025-05-08 00:00:00', '2025-05-12', '2025-05-15', FALSE),
(48, 25, 3, '2025-06-14 00:00:00', '2025-06-15', '2025-06-17', FALSE),
(23, 25, 8, '2025-05-23 00:00:00', '2025-05-27', '2025-05-30', FALSE),
(52, 25, 6, '2025-05-09 00:00:00', '2025-05-14', '2025-05-19', FALSE),
(57, 25, 5, '2025-05-23 00:00:00', '2025-06-02', '2025-06-05', FALSE),
(52, 25, 2, '2025-05-07 00:00:00', '2025-05-12', '2025-05-17', FALSE),
(29, 25, 7, '2025-05-05 00:00:00', '2025-05-13', '2025-05-16', FALSE),
(19, 25, 5, '2025-06-17 00:00:00', '2025-06-23', '2025-06-26', FALSE),
(64, 26, 4, '2025-06-03 00:00:00', '2025-06-04', '2025-06-09', FALSE),
(25, 26, 6, '2025-05-13 00:00:00', '2025-05-15', '2025-05-17', FALSE),
(80, 26, 1, '2025-04-14 00:00:00', '2025-04-18', '2025-04-22', TRUE),
(33, 26, 1, '2025-04-03 00:00:00', '2025-04-07', '2025-04-11', FALSE),
(48, 26, 2, '2025-06-19 00:00:00', '2025-06-22', '2025-06-24', FALSE),
(42, 26, 10, '2025-04-09 00:00:00', '2025-04-12', '2025-04-14', FALSE),
(27, 26, 3, '2025-05-22 00:00:00', '2025-05-26', '2025-05-30', FALSE),
(60, 26, 5, '2025-05-28 00:00:00', '2025-06-06', '2025-06-11', FALSE),
(61, 26, 3, '2025-05-28 00:00:00', '2025-05-30', '2025-06-04', FALSE),
(55, 26, 4, '2025-05-17 00:00:00', '2025-05-21', '2025-05-24', TRUE),
(66, 27, 1, '2025-05-01 00:00:00', '2025-05-04', '2025-05-09', FALSE),
(71, 27, 6, '2025-06-10 00:00:00', '2025-06-17', '2025-06-21', FALSE),
(77, 27, 6, '2025-04-03 00:00:00', '2025-04-13', '2025-04-18', FALSE),
(60, 27, 8, '2025-05-29 00:00:00', '2025-06-05', '2025-06-10', FALSE),
(45, 27, 5, '2025-05-07 00:00:00', '2025-05-12', '2025-05-13', FALSE),
(42, 27, 3, '2025-06-16 00:00:00', '2025-06-23', '2025-06-28', FALSE),
(58, 27, 9, '2025-05-01 00:00:00', '2025-05-08', '2025-05-12', TRUE),
(60, 27, 4, '2025-04-07 00:00:00', '2025-04-08', '2025-04-09', FALSE),
(59, 27, 4, '2025-05-24 00:00:00', '2025-05-26', '2025-05-31', FALSE),
(30, 27, 9, '2025-06-17 00:00:00', '2025-06-23', '2025-06-28', TRUE),
(23, 28, 6, '2025-05-09 00:00:00', '2025-05-14', '2025-05-17', FALSE),
(17, 28, 5, '2025-05-24 00:00:00', '2025-05-26', '2025-05-28', FALSE),
(78, 28, 9, '2025-06-12 00:00:00', '2025-06-19', '2025-06-24', FALSE),
(34, 28, 9, '2025-05-19 00:00:00', '2025-05-25', '2025-05-27', FALSE),
(44, 28, 5, '2025-06-07 00:00:00', '2025-06-08', '2025-06-10', FALSE),
(37, 28, 2, '2025-04-11 00:00:00', '2025-04-19', '2025-04-20', FALSE),
(54, 28, 3, '2025-05-27 00:00:00', '2025-05-28', '2025-06-02', FALSE),
(30, 28, 3, '2025-05-18 00:00:00', '2025-05-27', '2025-05-28', FALSE),
(25, 28, 1, '2025-06-27 00:00:00', '2025-06-30', '2025-07-02', FALSE),
(44, 28, 6, '2025-04-02 00:00:00', '2025-04-08', '2025-04-13', TRUE),
(39, 29, 1, '2025-04-22 00:00:00', '2025-04-26', '2025-04-27', FALSE),
(10, 29, 9, '2025-05-11 00:00:00', '2025-05-15', '2025-05-18', FALSE),
(11, 29, 6, '2025-04-09 00:00:00', '2025-04-13', '2025-04-16', FALSE),
(73, 29, 8, '2025-05-10 00:00:00', '2025-05-19', '2025-05-23', FALSE),
(5, 29, 3, '2025-05-21 00:00:00', '2025-05-27', '2025-05-29', FALSE),
(8, 29, 10, '2025-06-24 00:00:00', '2025-06-29', '2025-06-30', FALSE),
(30, 29, 5, '2025-05-07 00:00:00', '2025-05-08', '2025-05-11', FALSE),
(25, 29, 10, '2025-03-29 00:00:00', '2025-04-06', '2025-04-07', TRUE),
(37, 29, 7, '2025-06-24 00:00:00', '2025-06-26', '2025-06-30', FALSE),
(50, 29, 1, '2025-05-09 00:00:00', '2025-05-15', '2025-05-18', FALSE),
(34, 30, 10, '2025-05-10 00:00:00', '2025-05-18', '2025-05-23', FALSE),
(78, 30, 5, '2025-04-04 00:00:00', '2025-04-12', '2025-04-15', FALSE),
(71, 30, 10, '2025-05-28 00:00:00', '2025-06-04', '2025-06-06', TRUE),
(29, 30, 3, '2025-04-02 00:00:00', '2025-04-06', '2025-04-07', FALSE),
(20, 30, 2, '2025-04-16 00:00:00', '2025-04-22', '2025-04-27', FALSE),
(46, 30, 6, '2025-05-06 00:00:00', '2025-05-10', '2025-05-11', FALSE),
(14, 30, 7, '2025-05-02 00:00:00', '2025-05-06', '2025-05-10', FALSE),
(10, 30, 10, '2025-05-19 00:00:00', '2025-05-22', '2025-05-24', FALSE),
(65, 30, 10, '2025-05-10 00:00:00', '2025-05-18', '2025-05-20', FALSE),
(34, 30, 7, '2025-05-01 00:00:00', '2025-05-10', '2025-05-14', FALSE),
(69, 31, 5, '2025-04-16 00:00:00', '2025-04-26', '2025-04-28', FALSE),
(66, 31, 2, '2025-05-06 00:00:00', '2025-05-14', '2025-05-19', FALSE),
(22, 31, 7, '2025-06-18 00:00:00', '2025-06-24', '2025-06-26', FALSE),
(1, 31, 5, '2025-05-29 00:00:00', '2025-06-03', '2025-06-06', TRUE),
(29, 31, 9, '2025-03-31 00:00:00', '2025-04-05', '2025-04-07', FALSE),
(26, 31, 5, '2025-04-30 00:00:00', '2025-05-06', '2025-05-07', FALSE),
(74, 31, 1, '2025-06-16 00:00:00', '2025-06-18', '2025-06-23', FALSE),
(9, 31, 2, '2025-05-24 00:00:00', '2025-06-03', '2025-06-06', TRUE),
(64, 31, 6, '2025-06-08 00:00:00', '2025-06-11', '2025-06-16', FALSE),
(63, 31, 10, '2025-06-05 00:00:00', '2025-06-06', '2025-06-11', FALSE),
(32, 32, 2, '2025-05-11 00:00:00', '2025-05-15', '2025-05-18', FALSE),
(9, 32, 6, '2025-06-06 00:00:00', '2025-06-15', '2025-06-17', FALSE),
(70, 32, 7, '2025-05-04 00:00:00', '2025-05-06', '2025-05-09', FALSE),
(7, 32, 8, '2025-04-06 00:00:00', '2025-04-09', '2025-04-10', TRUE),
(60, 32, 8, '2025-04-02 00:00:00', '2025-04-12', '2025-04-15', FALSE),
(43, 32, 5, '2025-05-20 00:00:00', '2025-05-28', '2025-06-01', FALSE),
(73, 32, 5, '2025-04-17 00:00:00', '2025-04-24', '2025-04-27', FALSE),
(24, 32, 3, '2025-05-07 00:00:00', '2025-05-12', '2025-05-17', TRUE),
(61, 32, 7, '2025-06-11 00:00:00', '2025-06-14', '2025-06-18', FALSE),
(42, 32, 5, '2025-05-05 00:00:00', '2025-05-12', '2025-05-13', FALSE);

INSERT INTO Renting (employee_id, booking_id, customer_id, room_type_id, hotel_id, room_id, checkin_date, checkout_date, payment_method, payment_date, cancelled) VALUES
(22, 3, 21, 4, 8, 133, '2025-02-27 13:00:00', '2025-03-03 13:00:00', 'Bank Transfer', '2025-02-28 00:00:00', TRUE),
(20, 16, 49, 1, 24, 443, '2025-03-01 09:00:00', '2025-03-03 09:00:00', 'Credit Card', '2025-03-01 13:00:00', FALSE),
(20, 26, 7, 10, 6, 101, '2025-02-25 15:00:00', '2025-03-01 15:00:00', 'Bank Transfer', '2025-02-26 01:00:00', FALSE),
(27, 18, 37, 7, 5, 80, '2025-03-16 15:00:00', '2025-03-17 15:00:00', 'Credit Card', '2025-03-16 18:00:00', FALSE),
(22, 27, 43, 6, 14, 240, '2025-03-24 12:00:00', '2025-03-28 12:00:00', 'Debit Card', '2025-03-24 19:00:00', FALSE),
(20, 6, 41, 4, 30, 534, '2025-03-24 13:00:00', '2025-03-25 13:00:00', 'Debit Card', '2025-03-24 14:00:00', FALSE),
(25, 32, 22, 4, 15, 276, '2025-02-27 13:00:00', '2025-03-01 13:00:00', 'Debit Card', '2025-02-27 22:00:00', FALSE),
(26, 13, 53, 3, 42, 738, '2025-03-01 13:00:00', '2025-03-06 13:00:00', 'Bank Transfer', '2025-03-01 21:00:00', FALSE),
(24, 21, 22, 7, 3, 48, '2025-03-17 16:00:00', '2025-03-20 16:00:00', 'Credit Card', '2025-03-17 17:00:00', FALSE),
(20, 24, 21, 8, 21, 387, '2025-03-18 09:00:00', '2025-03-23 09:00:00', 'Mobile Payment', '2025-03-18 21:00:00', FALSE),
(12, 26, 41, 4, 35, 622, '2025-03-22 11:00:00', '2025-03-24 11:00:00', 'Mobile Payment', '2025-03-22 15:00:00', FALSE),
(10, 6, 34, 6, 19, 341, '2025-03-21 17:00:00', '2025-03-23 17:00:00', 'Cash', '2025-03-22 00:00:00', FALSE),
(21, 27, 37, 1, 32, 578, '2025-03-08 08:00:00', '2025-03-11 08:00:00', 'Mobile Payment', '2025-03-08 12:00:00', FALSE),
(20, 33, 16, 3, 9, 152, '2025-03-16 10:00:00', '2025-03-20 10:00:00', 'Mobile Payment', '2025-03-16 18:00:00', FALSE),
(22, 18, 22, 3, 41, 729, '2025-03-21 12:00:00', '2025-03-22 12:00:00', 'Cash', '2025-03-21 22:00:00', TRUE),
(25, 22, 14, 8, 26, 490, '2025-03-13 11:00:00', '2025-03-14 11:00:00', 'Bank Transfer', '2025-03-13 16:00:00', FALSE),
(27, 35, 59, 2, 17, 300, '2025-03-03 13:00:00', '2025-03-06 13:00:00', 'Bank Transfer', '2025-03-03 21:00:00', FALSE),
(16, 24, 55, 1, 30, 542, '2025-03-04 15:00:00', '2025-03-05 15:00:00', 'Mobile Payment', '2025-03-04 18:00:00', FALSE),
(2, 8, 54, 9, 9, 151, '2025-03-04 20:00:00', '2025-03-07 20:00:00', 'Mobile Payment', '2025-03-05 08:00:00', TRUE),
(23, 3, 18, 5, 1, 10, '2025-03-19 17:00:00', '2025-03-20 17:00:00', 'Credit Card', '2025-03-19 22:00:00', FALSE),
(23, 36, 46, 1, 47, 822, '2025-03-09 14:00:00', '2025-03-11 14:00:00', 'Bank Transfer', '2025-03-09 16:00:00', FALSE),
(24, 2, 44, 9, 5, 74, '2025-03-14 20:00:00', '2025-03-19 20:00:00', 'Credit Card', '2025-03-15 08:00:00', TRUE),
(16, 4, 13, 7, 22, 401, '2025-03-13 17:00:00', '2025-03-15 17:00:00', 'Mobile Payment', '2025-03-13 23:00:00', FALSE),
(24, 29, 8, 7, 17, 300, '2025-03-26 12:00:00', '2025-03-29 12:00:00', 'Bank Transfer', '2025-03-26 19:00:00', TRUE),
(25, 29, 25, 4, 1, 2, '2025-03-21 19:00:00', '2025-03-23 19:00:00', 'Credit Card', '2025-03-22 07:00:00', TRUE),
(4, 28, 4, 4, 28, 508, '2025-02-25 17:00:00', '2025-03-02 17:00:00', 'Mobile Payment', '2025-02-25 18:00:00', TRUE),
(1, 34, 2, 7, 14, 243, '2025-03-04 18:00:00', '2025-03-05 18:00:00', 'Cash', '2025-03-04 21:00:00', FALSE),
(13, 8, 5, 6, 3, 28, '2025-03-24 13:00:00', '2025-03-27 13:00:00', 'Credit Card', '2025-03-24 21:00:00', TRUE),
(6, 10, 40, 2, 24, 429, '2025-03-22 18:00:00', '2025-03-23 18:00:00', 'Cash', '2025-03-23 03:00:00', TRUE),
(30, 31, 6, 3, 11, 184, '2025-02-27 11:00:00', '2025-03-02 11:00:00', 'Credit Card', '2025-02-27 21:00:00', FALSE);

INSERT INTO Archive_Booking (booking_id, customer_id, room_type_id, confirmation_date, checkin_date, checkout_date, cancelled) VALUES
(41, 20, 7, '2025-03-11 00:00:00', '2025-03-13', '2025-03-19', FALSE),
(42, 59, 7, '2025-02-26 00:00:00', '2025-03-01', '2025-03-06', FALSE),
(43, 14, 5, '2025-03-16 00:00:00', '2025-03-21', '2025-03-24', FALSE),
(44, 46, 9, '2025-03-09 00:00:00', '2025-03-17', '2025-03-21', FALSE),
(45, 49, 9, '2025-03-09 00:00:00', '2025-03-13', '2025-03-15', FALSE),
(46, 9, 10, '2025-03-08 00:00:00', '2025-03-10', '2025-03-13', FALSE),
(47, 27, 8, '2025-03-13 00:00:00', '2025-03-15', '2025-03-18', FALSE),
(48, 33, 5, '2025-03-05 00:00:00', '2025-03-08', '2025-03-13', FALSE),
(49, 36, 5, '2025-03-14 00:00:00', '2025-03-19', '2025-03-24', FALSE),
(50, 39, 3, '2025-03-07 00:00:00', '2025-03-08', '2025-03-12', FALSE),
(51, 46, 6, '2025-03-04 00:00:00', '2025-03-11', '2025-03-16', FALSE),
(52, 17, 8, '2025-02-27 00:00:00', '2025-03-08', '2025-03-12', FALSE),
(53, 14, 7, '2025-02-15 00:00:00', '2025-02-22', '2025-03-01', TRUE),
(54, 3, 2, '2025-03-03 00:00:00', '2025-03-06', '2025-03-08', FALSE),
(55, 47, 8, '2025-02-19 00:00:00', '2025-03-01', '2025-03-06', FALSE),
(56, 58, 4, '2025-03-04 00:00:00', '2025-03-09', '2025-03-15', FALSE),
(57, 15, 1, '2025-03-13 00:00:00', '2025-03-19', '2025-03-21', FALSE),
(58, 25, 7, '2025-03-19 00:00:00', '2025-03-22', '2025-03-24', FALSE),
(59, 46, 2, '2025-03-09 00:00:00', '2025-03-12', '2025-03-13', FALSE),
(60, 39, 5, '2025-02-19 00:00:00', '2025-02-22', '2025-03-01', TRUE),
(1001, 9, 10, '2025-03-14 00:00:00', '2025-03-16', '2025-03-20', FALSE),
(1002, 61, 9, '2025-03-14 00:00:00', '2025-03-15', '2025-03-16', FALSE),
(1003, 28, 2, '2025-03-14 00:00:00', '2025-03-15', '2025-03-20', TRUE),
(1004, 59, 6, '2025-03-06 00:00:00', '2025-03-09', '2025-03-13', FALSE),
(1005, 47, 7, '2025-03-03 00:00:00', '2025-03-08', '2025-03-09', TRUE),
(1006, 60, 10, '2025-03-15 00:00:00', '2025-03-17', '2025-03-21', FALSE),
(1007, 8, 2, '2025-02-21 00:00:00', '2025-03-02', '2025-03-04', FALSE),
(1008, 29, 1, '2025-03-13 00:00:00', '2025-03-18', '2025-03-22', FALSE),
(1009, 27, 1, '2025-02-25 00:00:00', '2025-03-03', '2025-03-06', FALSE),
(1010, 70, 5, '2025-03-11 00:00:00', '2025-03-15', '2025-03-19', FALSE),
(1011, 46, 5, '2025-02-26 00:00:00', '2025-03-01', '2025-03-06', FALSE),
(1012, 15, 5, '2025-02-23 00:00:00', '2025-03-04', '2025-03-08', FALSE),
(1013, 17, 5, '2025-02-27 00:00:00', '2025-03-08', '2025-03-09', FALSE),
(1014, 37, 6, '2025-03-05 00:00:00', '2025-03-12', '2025-03-16', FALSE),
(1015, 12, 10, '2025-03-06 00:00:00', '2025-03-15', '2025-03-17', FALSE),
(1016, 14, 4, '2025-03-09 00:00:00', '2025-03-15', '2025-03-19', FALSE),
(1017, 40, 4, '2025-02-27 00:00:00', '2025-03-09', '2025-03-14', FALSE),
(1018, 52, 4, '2025-03-15 00:00:00', '2025-03-16', '2025-03-19', FALSE),
(1019, 61, 4, '2025-03-11 00:00:00', '2025-03-18', '2025-03-19', TRUE),
(1020, 29, 3, '2025-03-17 00:00:00', '2025-03-18', '2025-03-20', FALSE),
(1021, 45, 9, '2025-02-27 00:00:00', '2025-03-05', '2025-03-08', TRUE),
(1022, 4, 3, '2025-02-21 00:00:00', '2025-03-03', '2025-03-06', FALSE),
(1023, 37, 3, '2025-03-01 00:00:00', '2025-03-04', '2025-03-05', TRUE),
(1024, 24, 10, '2025-02-20 00:00:00', '2025-03-01', '2025-03-02', FALSE),
(1025, 7, 4, '2025-03-09 00:00:00', '2025-03-12', '2025-03-15', FALSE),
(1026, 45, 4, '2025-03-10 00:00:00', '2025-03-16', '2025-03-17', FALSE),
(1027, 59, 4, '2025-03-12 00:00:00', '2025-03-14', '2025-03-16', FALSE),
(1028, 14, 6, '2025-02-25 00:00:00', '2025-03-04', '2025-03-07', FALSE),
(1029, 45, 6, '2025-03-07 00:00:00', '2025-03-09', '2025-03-11', FALSE),
(1030, 75, 7, '2025-03-09 00:00:00', '2025-03-11', '2025-03-13', FALSE),
(1031, 13, 1, '2025-03-08 00:00:00', '2025-03-18', '2025-03-21', FALSE),
(1032, 20, 8, '2025-03-11 00:00:00', '2025-03-17', '2025-03-22', FALSE),
(1033, 17, 10, '2025-03-03 00:00:00', '2025-03-08', '2025-03-12', TRUE),
(1034, 44, 6, '2025-03-01 00:00:00', '2025-03-08', '2025-03-12', TRUE),
(1035, 14, 6, '2025-03-14 00:00:00', '2025-03-16', '2025-03-20', FALSE),
(1036, 55, 5, '2025-02-27 00:00:00', '2025-03-06', '2025-03-08', TRUE),
(1037, 8, 3, '2025-03-03 00:00:00', '2025-03-05', '2025-03-06', FALSE),
(1038, 51, 8, '2025-03-09 00:00:00', '2025-03-18', '2025-03-22', FALSE),
(1039, 28, 7, '2025-02-23 00:00:00', '2025-03-02', '2025-03-07', TRUE),
(1040, 77, 9, '2025-03-02 00:00:00', '2025-03-08', '2025-03-12', FALSE),
(1041, 74, 3, '2025-03-02 00:00:00', '2025-03-10', '2025-03-12', FALSE),
(1042, 6, 7, '2025-02-27 00:00:00', '2025-03-01', '2025-03-06', TRUE),
(1043, 39, 7, '2025-03-14 00:00:00', '2025-03-17', '2025-03-20', TRUE),
(1044, 11, 5, '2025-03-02 00:00:00', '2025-03-03', '2025-03-06', FALSE),
(1045, 4, 6, '2025-03-03 00:00:00', '2025-03-06', '2025-03-07', FALSE),
(1046, 57, 1, '2025-03-06 00:00:00', '2025-03-12', '2025-03-15', FALSE),
(1047, 75, 4, '2025-03-03 00:00:00', '2025-03-12', '2025-03-13', FALSE),
(1048, 28, 6, '2025-03-04 00:00:00', '2025-03-14', '2025-03-17', FALSE),
(1049, 17, 6, '2025-03-05 00:00:00', '2025-03-15', '2025-03-20', FALSE),
(1050, 6, 7, '2025-03-10 00:00:00', '2025-03-16', '2025-03-17', TRUE),
(1051, 6, 9, '2025-03-09 00:00:00', '2025-03-16', '2025-03-18', FALSE),
(1052, 69, 2, '2025-03-05 00:00:00', '2025-03-13', '2025-03-14', FALSE),
(1053, 73, 10, '2025-03-01 00:00:00', '2025-03-05', '2025-03-08', TRUE),
(1054, 15, 1, '2025-03-02 00:00:00', '2025-03-06', '2025-03-09', FALSE),
(1055, 20, 4, '2025-03-12 00:00:00', '2025-03-14', '2025-03-19', FALSE),
(1056, 78, 1, '2025-02-21 00:00:00', '2025-03-01', '2025-03-05', FALSE),
(1057, 29, 9, '2025-02-21 00:00:00', '2025-03-03', '2025-03-06', TRUE),
(1058, 75, 1, '2025-03-01 00:00:00', '2025-03-03', '2025-03-06', FALSE),
(1059, 38, 8, '2025-02-20 00:00:00', '2025-03-02', '2025-03-07', TRUE),
(1060, 66, 8, '2025-03-01 00:00:00', '2025-03-06', '2025-03-10', FALSE),
(1061, 21, 4, '2025-03-11 00:00:00', '2025-03-15', '2025-03-18', FALSE),
(1062, 47, 2, '2025-02-28 00:00:00', '2025-03-05', '2025-03-08', FALSE),
(1063, 8, 8, '2025-02-27 00:00:00', '2025-03-04', '2025-03-06', FALSE),
(1064, 6, 10, '2025-03-07 00:00:00', '2025-03-16', '2025-03-18', FALSE),
(1065, 76, 5, '2025-02-24 00:00:00', '2025-03-02', '2025-03-06', FALSE),
(1066, 31, 8, '2025-03-06 00:00:00', '2025-03-09', '2025-03-14', FALSE),
(1067, 51, 9, '2025-03-17 00:00:00', '2025-03-18', '2025-03-19', FALSE),
(1068, 72, 10, '2025-02-27 00:00:00', '2025-03-06', '2025-03-07', FALSE),
(1069, 39, 3, '2025-03-11 00:00:00', '2025-03-12', '2025-03-16', FALSE),
(1070, 71, 8, '2025-03-08 00:00:00', '2025-03-13', '2025-03-17', TRUE),
(1071, 3, 6, '2025-02-28 00:00:00', '2025-03-06', '2025-03-07', FALSE),
(1072, 18, 9, '2025-03-08 00:00:00', '2025-03-16', '2025-03-20', TRUE),
(1073, 80, 9, '2025-03-14 00:00:00', '2025-03-17', '2025-03-21', FALSE),
(1074, 43, 6, '2025-03-01 00:00:00', '2025-03-05', '2025-03-08', FALSE),
(1075, 40, 9, '2025-02-26 00:00:00', '2025-03-07', '2025-03-10', FALSE),
(1076, 37, 10, '2025-03-04 00:00:00', '2025-03-09', '2025-03-10', FALSE),
(1077, 55, 9, '2025-03-09 00:00:00', '2025-03-15', '2025-03-17', FALSE),
(1078, 3, 10, '2025-03-06 00:00:00', '2025-03-14', '2025-03-17', FALSE),
(1079, 12, 7, '2025-02-24 00:00:00', '2025-03-01', '2025-03-05', TRUE),
(1080, 73, 10, '2025-03-01 00:00:00', '2025-03-03', '2025-03-07', FALSE),
(1081, 25, 1, '2025-03-03 00:00:00', '2025-03-12', '2025-03-14', FALSE),
(1082, 42, 10, '2025-03-13 00:00:00', '2025-03-14', '2025-03-19', TRUE),
(1083, 59, 3, '2025-03-09 00:00:00', '2025-03-14', '2025-03-18', FALSE),
(1084, 75, 3, '2025-02-27 00:00:00', '2025-03-04', '2025-03-06', FALSE),
(1085, 68, 2, '2025-02-28 00:00:00', '2025-03-06', '2025-03-10', FALSE),
(1086, 76, 1, '2025-03-12 00:00:00', '2025-03-14', '2025-03-15', FALSE),
(1087, 5, 1, '2025-03-04 00:00:00', '2025-03-14', '2025-03-16', TRUE),
(1088, 18, 8, '2025-03-01 00:00:00', '2025-03-10', '2025-03-11', FALSE),
(1089, 20, 7, '2025-03-08 00:00:00', '2025-03-10', '2025-03-13', FALSE),
(1090, 23, 1, '2025-03-08 00:00:00', '2025-03-12', '2025-03-16', FALSE),
(1091, 78, 9, '2025-02-27 00:00:00', '2025-03-06', '2025-03-10', FALSE),
(1092, 6, 5, '2025-02-27 00:00:00', '2025-03-08', '2025-03-09', FALSE),
(1093, 58, 4, '2025-03-04 00:00:00', '2025-03-06', '2025-03-09', TRUE),
(1094, 63, 10, '2025-03-02 00:00:00', '2025-03-09', '2025-03-14', FALSE),
(1095, 4, 4, '2025-02-25 00:00:00', '2025-03-03', '2025-03-07', FALSE),
(1096, 59, 9, '2025-03-01 00:00:00', '2025-03-03', '2025-03-06', FALSE),
(1097, 33, 7, '2025-03-06 00:00:00', '2025-03-16', '2025-03-18', FALSE),
(1098, 9, 8, '2025-02-27 00:00:00', '2025-03-04', '2025-03-07', FALSE),
(1099, 54, 8, '2025-03-08 00:00:00', '2025-03-11', '2025-03-13', FALSE),
(1100, 37, 6, '2025-03-07 00:00:00', '2025-03-09', '2025-03-11', FALSE),
(1101, 51, 2, '2025-03-04 00:00:00', '2025-03-12', '2025-03-13', FALSE),
(1102, 23, 6, '2025-03-05 00:00:00', '2025-03-15', '2025-03-19', FALSE),
(1103, 35, 4, '2025-03-13 00:00:00', '2025-03-15', '2025-03-17', FALSE),
(1104, 50, 1, '2025-02-27 00:00:00', '2025-03-09', '2025-03-10', FALSE),
(1105, 25, 5, '2025-03-02 00:00:00', '2025-03-10', '2025-03-14', TRUE),
(1106, 42, 8, '2025-03-06 00:00:00', '2025-03-07', '2025-03-09', TRUE),
(1107, 26, 6, '2025-02-20 00:00:00', '2025-03-02', '2025-03-03', FALSE),
(1108, 14, 3, '2025-03-12 00:00:00', '2025-03-18', '2025-03-19', TRUE),
(1109, 50, 3, '2025-02-20 00:00:00', '2025-03-01', '2025-03-03', FALSE),
(1110, 2, 4, '2025-02-26 00:00:00', '2025-03-02', '2025-03-06', TRUE),
(1111, 48, 9, '2025-03-10 00:00:00', '2025-03-11', '2025-03-16', FALSE),
(1112, 7, 5, '2025-03-04 00:00:00', '2025-03-14', '2025-03-17', FALSE),
(1113, 69, 9, '2025-02-24 00:00:00', '2025-03-04', '2025-03-08', FALSE),
(1114, 71, 8, '2025-03-16 00:00:00', '2025-03-17', '2025-03-19', FALSE),
(1115, 13, 9, '2025-02-24 00:00:00', '2025-03-03', '2025-03-04', TRUE),
(1116, 23, 10, '2025-03-09 00:00:00', '2025-03-14', '2025-03-18', FALSE),
(1117, 9, 9, '2025-03-01 00:00:00', '2025-03-09', '2025-03-11', TRUE),
(1118, 78, 7, '2025-03-06 00:00:00', '2025-03-15', '2025-03-18', FALSE),
(1119, 42, 3, '2025-03-04 00:00:00', '2025-03-06', '2025-03-10', TRUE),
(1120, 66, 6, '2025-03-05 00:00:00', '2025-03-15', '2025-03-19', TRUE),
(1121, 61, 2, '2025-03-04 00:00:00', '2025-03-12', '2025-03-14', FALSE),
(1122, 22, 4, '2025-03-02 00:00:00', '2025-03-11', '2025-03-14', TRUE),
(1123, 41, 2, '2025-02-28 00:00:00', '2025-03-06', '2025-03-10', FALSE),
(1124, 66, 7, '2025-03-06 00:00:00', '2025-03-08', '2025-03-09', FALSE),
(1125, 57, 5, '2025-03-11 00:00:00', '2025-03-13', '2025-03-18', FALSE),
(1126, 78, 2, '2025-02-28 00:00:00', '2025-03-06', '2025-03-11', FALSE),
(1127, 50, 7, '2025-03-06 00:00:00', '2025-03-16', '2025-03-20', FALSE),
(1128, 62, 8, '2025-03-02 00:00:00', '2025-03-05', '2025-03-07', FALSE),
(1129, 62, 5, '2025-03-07 00:00:00', '2025-03-14', '2025-03-18', TRUE),
(1130, 45, 7, '2025-03-12 00:00:00', '2025-03-18', '2025-03-20', FALSE),
(1131, 35, 8, '2025-03-03 00:00:00', '2025-03-06', '2025-03-10', FALSE),
(1132, 59, 8, '2025-03-07 00:00:00', '2025-03-09', '2025-03-14', FALSE),
(1133, 65, 7, '2025-02-25 00:00:00', '2025-03-01', '2025-03-03', FALSE),
(1134, 75, 5, '2025-03-09 00:00:00', '2025-03-11', '2025-03-15', FALSE),
(1135, 13, 10, '2025-03-01 00:00:00', '2025-03-06', '2025-03-08', FALSE),
(1136, 27, 10, '2025-03-03 00:00:00', '2025-03-08', '2025-03-12', TRUE),
(1137, 6, 2, '2025-02-27 00:00:00', '2025-03-03', '2025-03-07', FALSE),
(1138, 16, 6, '2025-03-11 00:00:00', '2025-03-12', '2025-03-14', FALSE),
(1139, 4, 10, '2025-02-24 00:00:00', '2025-03-01', '2025-03-03', FALSE),
(1140, 23, 6, '2025-03-07 00:00:00', '2025-03-10', '2025-03-15', FALSE),
(1141, 37, 6, '2025-03-03 00:00:00', '2025-03-12', '2025-03-16', FALSE),
(1142, 46, 4, '2025-02-22 00:00:00', '2025-03-03', '2025-03-04', TRUE),
(1143, 64, 9, '2025-03-07 00:00:00', '2025-03-17', '2025-03-21', FALSE),
(1144, 40, 8, '2025-02-28 00:00:00', '2025-03-06', '2025-03-10', TRUE),
(1145, 75, 1, '2025-02-24 00:00:00', '2025-03-01', '2025-03-06', FALSE),
(1146, 30, 1, '2025-03-15 00:00:00', '2025-03-16', '2025-03-20', FALSE),
(1147, 48, 10, '2025-03-12 00:00:00', '2025-03-18', '2025-03-19', FALSE),
(1148, 23, 10, '2025-03-05 00:00:00', '2025-03-06', '2025-03-11', FALSE),
(1149, 29, 3, '2025-02-27 00:00:00', '2025-03-05', '2025-03-10', FALSE),
(1150, 69, 7, '2025-03-08 00:00:00', '2025-03-09', '2025-03-14', FALSE),
(1151, 4, 1, '2025-03-05 00:00:00', '2025-03-13', '2025-03-17', FALSE),
(1152, 55, 8, '2025-03-10 00:00:00', '2025-03-15', '2025-03-16', FALSE),
(1153, 30, 8, '2025-03-11 00:00:00', '2025-03-15', '2025-03-19', FALSE),
(1154, 58, 9, '2025-03-01 00:00:00', '2025-03-09', '2025-03-12', TRUE),
(1155, 41, 8, '2025-02-26 00:00:00', '2025-03-06', '2025-03-10', TRUE),
(1156, 5, 2, '2025-02-26 00:00:00', '2025-03-04', '2025-03-05', FALSE),
(1157, 28, 4, '2025-03-05 00:00:00', '2025-03-06', '2025-03-07', FALSE),
(1158, 31, 1, '2025-03-04 00:00:00', '2025-03-13', '2025-03-15', FALSE),
(1159, 74, 2, '2025-03-11 00:00:00', '2025-03-18', '2025-03-20', TRUE),
(1160, 26, 6, '2025-03-07 00:00:00', '2025-03-12', '2025-03-17', FALSE),
(1161, 45, 5, '2025-03-04 00:00:00', '2025-03-14', '2025-03-16', FALSE),
(1162, 1, 7, '2025-02-22 00:00:00', '2025-03-04', '2025-03-05', FALSE),
(1163, 45, 9, '2025-03-04 00:00:00', '2025-03-10', '2025-03-12', FALSE),
(1164, 23, 7, '2025-02-26 00:00:00', '2025-03-07', '2025-03-11', FALSE),
(1165, 51, 1, '2025-02-27 00:00:00', '2025-03-05', '2025-03-07', FALSE),
(1166, 11, 4, '2025-03-07 00:00:00', '2025-03-10', '2025-03-11', FALSE),
(1167, 69, 9, '2025-03-04 00:00:00', '2025-03-12', '2025-03-17', FALSE),
(1168, 75, 10, '2025-03-03 00:00:00', '2025-03-06', '2025-03-08', TRUE),
(1169, 15, 5, '2025-03-05 00:00:00', '2025-03-11', '2025-03-12', FALSE),
(1170, 2, 8, '2025-03-10 00:00:00', '2025-03-16', '2025-03-17', FALSE),
(1171, 10, 2, '2025-02-25 00:00:00', '2025-03-04', '2025-03-06', FALSE),
(1172, 60, 5, '2025-02-28 00:00:00', '2025-03-06', '2025-03-07', FALSE),
(1173, 11, 5, '2025-03-07 00:00:00', '2025-03-10', '2025-03-14', FALSE),
(1174, 11, 10, '2025-03-07 00:00:00', '2025-03-11', '2025-03-13', FALSE),
(1175, 46, 3, '2025-02-24 00:00:00', '2025-03-03', '2025-03-08', FALSE),
(1176, 80, 5, '2025-02-28 00:00:00', '2025-03-03', '2025-03-04', FALSE),
(1177, 41, 1, '2025-03-16 00:00:00', '2025-03-17', '2025-03-21', FALSE),
(1178, 57, 9, '2025-03-05 00:00:00', '2025-03-13', '2025-03-17', FALSE),
(1179, 34, 8, '2025-03-13 00:00:00', '2025-03-17', '2025-03-18', FALSE),
(1180, 12, 2, '2025-03-05 00:00:00', '2025-03-15', '2025-03-18', FALSE),
(1181, 47, 10, '2025-03-14 00:00:00', '2025-03-16', '2025-03-18', FALSE),
(1182, 69, 9, '2025-03-10 00:00:00', '2025-03-13', '2025-03-18', FALSE),
(1183, 68, 2, '2025-03-12 00:00:00', '2025-03-15', '2025-03-18', FALSE),
(1184, 10, 9, '2025-03-08 00:00:00', '2025-03-12', '2025-03-15', TRUE),
(1185, 1, 3, '2025-03-03 00:00:00', '2025-03-10', '2025-03-11', FALSE),
(1186, 17, 3, '2025-03-10 00:00:00', '2025-03-12', '2025-03-14', FALSE),
(1187, 76, 10, '2025-03-01 00:00:00', '2025-03-07', '2025-03-09', FALSE),
(1188, 12, 2, '2025-03-08 00:00:00', '2025-03-17', '2025-03-20', FALSE),
(1189, 64, 9, '2025-03-08 00:00:00', '2025-03-10', '2025-03-14', TRUE),
(1190, 5, 6, '2025-03-17 00:00:00', '2025-03-18', '2025-03-21', TRUE),
(1191, 29, 2, '2025-03-13 00:00:00', '2025-03-14', '2025-03-19', FALSE),
(1192, 27, 8, '2025-02-28 00:00:00', '2025-03-03', '2025-03-05', FALSE),
(1193, 41, 1, '2025-03-08 00:00:00', '2025-03-16', '2025-03-20', FALSE),
(1194, 36, 10, '2025-02-23 00:00:00', '2025-03-05', '2025-03-09', FALSE),
(1195, 23, 4, '2025-03-11 00:00:00', '2025-03-17', '2025-03-18', FALSE),
(1196, 71, 10, '2025-03-03 00:00:00', '2025-03-12', '2025-03-13', FALSE),
(1197, 25, 1, '2025-03-15 00:00:00', '2025-03-17', '2025-03-21', FALSE),
(1198, 18, 6, '2025-02-26 00:00:00', '2025-03-07', '2025-03-11', FALSE),
(1199, 62, 10, '2025-02-28 00:00:00', '2025-03-10', '2025-03-11', FALSE),
(1200, 3, 7, '2025-02-22 00:00:00', '2025-03-02', '2025-03-07', TRUE);

INSERT INTO Archive_Renting (renting_id, employee_id, booking_id, customer_id, room_type_id, room_id, checkin_date, checkout_date, cancelled) VALUES
(31, 22, 41, 1, 1, 281, '2025-02-28 17:00:00', '2025-03-05 17:00:00', FALSE),
(32, 22, 42, 52, 10, 252, '2025-03-17 10:00:00', '2025-03-22 10:00:00', TRUE),
(33, 30, 43, 38, 3, 474, '2025-02-24 12:00:00', '2025-03-01 12:00:00', TRUE),
(34, 25, 44, 48, 5, 621, '2025-03-24 16:00:00', '2025-03-25 16:00:00', FALSE),
(35, 25, 45, 11, 10, 87, '2025-02-27 18:00:00', '2025-03-02 18:00:00', FALSE),
(36, 1, 46, 52, 5, 8, '2025-03-13 10:00:00', '2025-03-14 10:00:00', FALSE),
(37, 19, 47, 13, 7, 18, '2025-03-13 13:00:00', '2025-03-18 13:00:00', TRUE),
(38, 6, 48, 4, 3, 14, '2025-03-05 12:00:00', '2025-03-09 12:00:00', FALSE),
(39, 24, 49, 23, 9, 628, '2025-03-26 14:00:00', '2025-03-27 14:00:00', TRUE),
(40, 2, 50, 1, 1, 469, '2025-03-21 11:00:00', '2025-03-23 11:00:00', FALSE),
(41, 24, 51, 55, 5, 675, '2025-03-21 10:00:00', '2025-03-25 10:00:00', FALSE),
(42, 4, 52, 43, 8, 217, '2025-03-05 13:00:00', '2025-03-09 13:00:00', FALSE),
(43, 19, 53, 18, 6, 560, '2025-03-19 14:00:00', '2025-03-23 14:00:00', FALSE),
(44, 19, 54, 39, 1, 15, '2025-03-12 13:00:00', '2025-03-16 13:00:00', FALSE),
(45, 13, 55, 16, 6, 652, '2025-03-03 16:00:00', '2025-03-06 16:00:00', FALSE),
(46, 4, 56, 34, 4, 481, '2025-03-02 14:00:00', '2025-03-03 14:00:00', FALSE),
(47, 24, 57, 24, 6, 151, '2025-03-08 12:00:00', '2025-03-13 12:00:00', FALSE),
(48, 11, 58, 40, 1, 324, '2025-03-18 18:00:00', '2025-03-19 18:00:00', FALSE),
(49, 24, 59, 58, 5, 718, '2025-03-14 17:00:00', '2025-03-18 17:00:00', TRUE),
(50, 24, 60, 29, 7, 614, '2025-03-18 16:00:00', '2025-03-22 16:00:00', TRUE),
(2001, 52, 1001, 45, 2, 88, '2025-03-02 11:00:00', '2025-03-05 11:00:00', FALSE),
(2002, 18, 1002, 67, 1, 201, '2025-03-16 17:00:00', '2025-03-19 17:00:00', TRUE),
(2003, 37, 1003, 41, 4, 155, '2025-03-18 12:00:00', '2025-03-21 12:00:00', FALSE),
(2004, 26, 1004, 56, 7, 501, '2025-03-08 17:00:00', '2025-03-10 17:00:00', FALSE),
(2005, 48, 1005, 25, 7, 451, '2025-03-06 13:00:00', '2025-03-08 13:00:00', TRUE),
(2006, 32, 1006, 30, 8, 458, '2025-03-11 18:00:00', '2025-03-13 18:00:00', TRUE),
(2007, 14, 1007, 67, 6, 452, '2025-03-04 18:00:00', '2025-03-05 18:00:00', FALSE),
(2008, 30, 1008, 17, 10, 180, '2025-03-07 12:00:00', '2025-03-10 12:00:00', FALSE),
(2009, 21, 1009, 45, 4, 285, '2025-03-12 18:00:00', '2025-03-13 18:00:00', FALSE),
(2010, 33, 1010, 46, 5, 17, '2025-03-12 10:00:00', '2025-03-16 10:00:00', TRUE),
(2011, 20, 1011, 72, 6, 7, '2025-03-11 14:00:00', '2025-03-14 14:00:00', FALSE),
(2012, 2, 1012, 11, 1, 10, '2025-03-01 10:00:00', '2025-03-05 10:00:00', FALSE),
(2013, 16, 1013, 79, 7, 90, '2025-03-11 18:00:00', '2025-03-15 18:00:00', FALSE),
(2014, 54, 1014, 10, 5, 588, '2025-03-06 08:00:00', '2025-03-07 08:00:00', FALSE),
(2015, 53, 1015, 69, 7, 279, '2025-03-02 16:00:00', '2025-03-03 16:00:00', FALSE),
(2016, 24, 1016, 5, 4, 595, '2025-03-13 08:00:00', '2025-03-16 08:00:00', FALSE),
(2017, 2, 1017, 56, 4, 386, '2025-03-07 13:00:00', '2025-03-09 13:00:00', FALSE),
(2018, 16, 1018, 68, 3, 578, '2025-03-08 11:00:00', '2025-03-09 11:00:00', FALSE),
(2019, 19, 1019, 16, 4, 214, '2025-03-06 18:00:00', '2025-03-07 18:00:00', TRUE),
(2020, 16, 1020, 24, 5, 489, '2025-03-01 11:00:00', '2025-03-05 11:00:00', TRUE),
(2021, 14, 1021, 52, 2, 634, '2025-03-04 12:00:00', '2025-03-05 12:00:00', TRUE),
(2022, 23, 1022, 41, 9, 633, '2025-03-02 16:00:00', '2025-03-06 16:00:00', FALSE),
(2023, 4, 1023, 77, 8, 237, '2025-03-07 11:00:00', '2025-03-08 11:00:00', FALSE),
(2024, 5, 1024, 56, 8, 279, '2025-03-08 16:00:00', '2025-03-10 16:00:00', FALSE),
(2025, 1, 1025, 3, 2, 624, '2025-03-06 08:00:00', '2025-03-08 08:00:00', FALSE),
(2026, 1, 1026, 74, 6, 600, '2025-03-08 16:00:00', '2025-03-12 16:00:00', FALSE),
(2027, 45, 1027, 60, 5, 625, '2025-03-10 18:00:00', '2025-03-14 18:00:00', FALSE),
(2028, 22, 1028, 65, 2, 247, '2025-03-06 17:00:00', '2025-03-08 17:00:00', FALSE),
(2029, 8, 1029, 60, 9, 524, '2025-03-16 09:00:00', '2025-03-17 09:00:00', FALSE),
(2030, 3, 1030, 39, 5, 252, '2025-03-11 09:00:00', '2025-03-13 09:00:00', FALSE),
(2031, 26, 1031, 12, 8, 328, '2025-03-16 11:00:00', '2025-03-20 11:00:00', FALSE),
(2032, 50, 1032, 57, 6, 635, '2025-03-09 08:00:00', '2025-03-12 08:00:00', FALSE),
(2033, 39, 1033, 22, 1, 47, '2025-03-13 09:00:00', '2025-03-17 09:00:00', FALSE),
(2034, 57, 1034, 64, 8, 14, '2025-03-11 16:00:00', '2025-03-15 16:00:00', FALSE),
(2035, 21, 1035, 31, 3, 624, '2025-03-01 16:00:00', '2025-03-04 16:00:00', FALSE),
(2036, 8, 1036, 15, 4, 171, '2025-03-16 12:00:00', '2025-03-17 12:00:00', FALSE),
(2037, 16, 1037, 3, 1, 192, '2025-03-02 17:00:00', '2025-03-03 17:00:00', FALSE),
(2038, 57, 1038, 56, 5, 588, '2025-03-10 10:00:00', '2025-03-14 10:00:00', FALSE),
(2039, 24, 1039, 20, 7, 95, '2025-03-01 13:00:00', '2025-03-02 13:00:00', FALSE),
(2040, 36, 1040, 15, 10, 599, '2025-03-16 09:00:00', '2025-03-19 09:00:00', FALSE),
(2041, 19, 1041, 12, 5, 511, '2025-03-14 16:00:00', '2025-03-17 16:00:00', FALSE),
(2042, 29, 1042, 53, 5, 172, '2025-03-09 18:00:00', '2025-03-11 18:00:00', FALSE),
(2043, 31, 1043, 51, 7, 292, '2025-03-02 16:00:00', '2025-03-06 16:00:00', FALSE),
(2044, 8, 1044, 15, 1, 219, '2025-03-15 13:00:00', '2025-03-18 13:00:00', TRUE),
(2045, 9, 1045, 57, 9, 491, '2025-03-18 08:00:00', '2025-03-19 08:00:00', TRUE),
(2046, 5, 1046, 74, 6, 47, '2025-03-12 16:00:00', '2025-03-13 16:00:00', FALSE),
(2047, 16, 1047, 64, 6, 358, '2025-03-10 15:00:00', '2025-03-14 15:00:00', FALSE),
(2048, 30, 1048, 65, 10, 592, '2025-03-08 12:00:00', '2025-03-11 12:00:00', FALSE),
(2049, 22, 1049, 25, 3, 523, '2025-03-14 15:00:00', '2025-03-17 15:00:00', FALSE),
(2050, 41, 1050, 63, 8, 636, '2025-03-01 16:00:00', '2025-03-05 16:00:00', FALSE),
(2051, 32, 1051, 54, 9, 235, '2025-03-05 08:00:00', '2025-03-07 08:00:00', FALSE),
(2052, 20, 1052, 75, 9, 382, '2025-03-01 17:00:00', '2025-03-02 17:00:00', TRUE),
(2053, 7, 1053, 1, 9, 181, '2025-03-10 13:00:00', '2025-03-11 13:00:00', TRUE),
(2054, 16, 1054, 14, 7, 220, '2025-03-01 12:00:00', '2025-03-02 12:00:00', FALSE),
(2055, 40, 1055, 48, 2, 95, '2025-03-07 12:00:00', '2025-03-09 12:00:00', FALSE),
(2056, 41, 1056, 79, 6, 475, '2025-03-11 08:00:00', '2025-03-14 08:00:00', FALSE),
(2057, 50, 1057, 8, 6, 150, '2025-03-10 11:00:00', '2025-03-13 11:00:00', TRUE),
(2058, 60, 1058, 77, 10, 17, '2025-03-03 15:00:00', '2025-03-05 15:00:00', FALSE),
(2059, 38, 1059, 54, 2, 269, '2025-03-17 09:00:00', '2025-03-20 09:00:00', FALSE),
(2060, 45, 1060, 69, 6, 134, '2025-03-11 13:00:00', '2025-03-13 13:00:00', FALSE),
(2061, 33, 1061, 70, 7, 573, '2025-03-04 14:00:00', '2025-03-06 14:00:00', FALSE),
(2062, 16, 1062, 23, 5, 428, '2025-03-09 10:00:00', '2025-03-13 10:00:00', FALSE),
(2063, 16, 1063, 27, 4, 593, '2025-03-03 18:00:00', '2025-03-04 18:00:00', FALSE),
(2064, 31, 1064, 6, 6, 493, '2025-03-07 15:00:00', '2025-03-08 15:00:00', FALSE),
(2065, 22, 1065, 46, 1, 391, '2025-03-08 12:00:00', '2025-03-12 12:00:00', FALSE),
(2066, 33, 1066, 59, 5, 290, '2025-03-02 15:00:00', '2025-03-03 15:00:00', FALSE),
(2067, 41, 1067, 14, 1, 53, '2025-03-15 13:00:00', '2025-03-18 13:00:00', FALSE),
(2068, 50, 1068, 13, 8, 600, '2025-03-06 16:00:00', '2025-03-07 16:00:00', FALSE),
(2069, 38, 1069, 8, 6, 615, '2025-03-08 10:00:00', '2025-03-11 10:00:00', FALSE),
(2070, 36, 1070, 10, 9, 628, '2025-03-15 09:00:00', '2025-03-19 09:00:00', FALSE),
(2071, 39, 1071, 41, 9, 615, '2025-03-14 13:00:00', '2025-03-15 13:00:00', TRUE),
(2072, 12, 1072, 17, 7, 243, '2025-03-15 17:00:00', '2025-03-17 17:00:00', FALSE),
(2073, 27, 1073, 26, 1, 629, '2025-03-08 10:00:00', '2025-03-09 10:00:00', FALSE),
(2074, 60, 1074, 42, 6, 278, '2025-03-09 17:00:00', '2025-03-10 17:00:00', FALSE),
(2075, 26, 1075, 67, 1, 633, '2025-03-06 16:00:00', '2025-03-10 16:00:00', FALSE),
(2076, 28, 1076, 76, 7, 55, '2025-03-07 16:00:00', '2025-03-08 16:00:00', FALSE),
(2077, 17, 1077, 3, 4, 489, '2025-03-12 08:00:00', '2025-03-14 08:00:00', FALSE),
(2078, 41, 1078, 48, 10, 586, '2025-03-17 09:00:00', '2025-03-19 09:00:00', FALSE),
(2079, 53, 1079, 65, 10, 389, '2025-03-09 15:00:00', '2025-03-13 15:00:00', FALSE),
(2080, 1, 1080, 78, 9, 280, '2025-03-02 14:00:00', '2025-03-05 14:00:00', FALSE),
(2081, 9, 1081, 60, 8, 67, '2025-03-16 08:00:00', '2025-03-19 08:00:00', FALSE),
(2082, 42, 1082, 1, 4, 601, '2025-03-15 11:00:00', '2025-03-18 11:00:00', FALSE),
(2083, 27, 1083, 23, 6, 423, '2025-03-04 14:00:00', '2025-03-06 14:00:00', FALSE),
(2084, 27, 1084, 35, 2, 40, '2025-03-17 17:00:00', '2025-03-21 17:00:00', FALSE),
(2085, 54, 1085, 12, 9, 324, '2025-03-16 11:00:00', '2025-03-20 11:00:00', TRUE),
(2086, 6, 1086, 38, 7, 520, '2025-03-07 17:00:00', '2025-03-09 17:00:00', FALSE),
(2087, 1, 1087, 11, 2, 131, '2025-03-11 13:00:00', '2025-03-15 13:00:00', FALSE),
(2088, 7, 1088, 5, 5, 492, '2025-03-10 11:00:00', '2025-03-11 11:00:00', FALSE),
(2089, 11, 1089, 69, 2, 622, '2025-03-11 12:00:00', '2025-03-12 12:00:00', FALSE),
(2090, 45, 1090, 7, 10, 178, '2025-03-03 11:00:00', '2025-03-06 11:00:00', FALSE),
(2091, 12, 1091, 20, 8, 197, '2025-03-10 09:00:00', '2025-03-12 09:00:00', FALSE),
(2092, 44, 1092, 29, 6, 164, '2025-03-18 11:00:00', '2025-03-21 11:00:00', FALSE),
(2093, 38, 1093, 22, 4, 233, '2025-03-10 14:00:00', '2025-03-14 14:00:00', TRUE),
(2094, 23, 1094, 3, 4, 39, '2025-03-04 09:00:00', '2025-03-08 09:00:00', TRUE),
(2095, 22, 1095, 37, 9, 178, '2025-03-18 18:00:00', '2025-03-19 18:00:00', FALSE),
(2096, 9, 1096, 10, 1, 592, '2025-03-12 13:00:00', '2025-03-14 13:00:00', FALSE),
(2097, 8, 1097, 18, 3, 295, '2025-03-03 15:00:00', '2025-03-07 15:00:00', FALSE),
(2098, 26, 1098, 6, 5, 316, '2025-03-10 15:00:00', '2025-03-13 15:00:00', FALSE),
(2099, 41, 1099, 62, 10, 320, '2025-03-07 14:00:00', '2025-03-10 14:00:00', FALSE),
(2100, 54, 1100, 5, 3, 461, '2025-03-17 11:00:00', '2025-03-21 11:00:00', FALSE),
(2101, 48, 1101, 6, 3, 153, '2025-03-04 12:00:00', '2025-03-06 12:00:00', FALSE),
(2102, 25, 1102, 24, 7, 244, '2025-03-01 16:00:00', '2025-03-02 16:00:00', FALSE),
(2103, 34, 1103, 77, 4, 212, '2025-03-07 15:00:00', '2025-03-09 15:00:00', FALSE),
(2104, 53, 1104, 65, 5, 380, '2025-03-03 15:00:00', '2025-03-04 15:00:00', FALSE),
(2105, 6, 1105, 19, 6, 451, '2025-03-08 10:00:00', '2025-03-12 10:00:00', FALSE),
(2106, 30, 1106, 8, 5, 344, '2025-03-08 17:00:00', '2025-03-10 17:00:00', FALSE),
(2107, 5, 1107, 77, 1, 125, '2025-03-13 12:00:00', '2025-03-16 12:00:00', FALSE),
(2108, 34, 1108, 39, 4, 235, '2025-03-05 09:00:00', '2025-03-09 09:00:00', FALSE),
(2109, 48, 1109, 37, 3, 623, '2025-03-16 10:00:00', '2025-03-19 10:00:00', FALSE),
(2110, 52, 1110, 1, 8, 516, '2025-03-13 11:00:00', '2025-03-16 11:00:00', FALSE),
(2111, 26, 1111, 26, 2, 112, '2025-03-08 11:00:00', '2025-03-11 11:00:00', FALSE),
(2112, 13, 1112, 3, 10, 377, '2025-03-04 14:00:00', '2025-03-08 14:00:00', FALSE),
(2113, 14, 1113, 23, 8, 530, '2025-03-09 16:00:00', '2025-03-11 16:00:00', TRUE),
(2114, 11, 1114, 10, 5, 490, '2025-03-14 13:00:00', '2025-03-18 13:00:00', FALSE),
(2115, 56, 1115, 41, 7, 115, '2025-03-18 14:00:00', '2025-03-22 14:00:00', TRUE),
(2116, 4, 1116, 8, 8, 308, '2025-03-08 15:00:00', '2025-03-09 15:00:00', FALSE),
(2117, 43, 1117, 52, 4, 511, '2025-03-18 18:00:00', '2025-03-20 18:00:00', FALSE),
(2118, 49, 1118, 9, 6, 29, '2025-03-02 15:00:00', '2025-03-03 15:00:00', FALSE),
(2119, 11, 1119, 7, 8, 425, '2025-03-10 17:00:00', '2025-03-14 17:00:00', FALSE),
(2120, 46, 1120, 11, 5, 470, '2025-03-06 14:00:00', '2025-03-09 14:00:00', TRUE),
(2121, 14, 1121, 33, 9, 507, '2025-03-09 10:00:00', '2025-03-11 10:00:00', FALSE),
(2122, 38, 1122, 75, 4, 91, '2025-03-05 13:00:00', '2025-03-08 13:00:00', TRUE),
(2123, 23, 1123, 67, 6, 631, '2025-03-05 11:00:00', '2025-03-06 11:00:00', FALSE),
(2124, 44, 1124, 70, 1, 532, '2025-03-07 11:00:00', '2025-03-08 11:00:00', FALSE),
(2125, 60, 1125, 12, 7, 475, '2025-03-08 17:00:00', '2025-03-12 17:00:00', FALSE),
(2126, 3, 1126, 28, 2, 568, '2025-03-13 17:00:00', '2025-03-15 17:00:00', TRUE),
(2127, 37, 1127, 75, 6, 249, '2025-03-14 16:00:00', '2025-03-15 16:00:00', FALSE),
(2128, 44, 1128, 3, 7, 371, '2025-03-15 09:00:00', '2025-03-16 09:00:00', FALSE),
(2129, 10, 1129, 48, 6, 6, '2025-03-08 09:00:00', '2025-03-11 09:00:00', TRUE),
(2130, 55, 1130, 25, 2, 120, '2025-03-04 10:00:00', '2025-03-05 10:00:00', FALSE),
(2131, 29, 1131, 65, 10, 474, '2025-03-14 16:00:00', '2025-03-17 16:00:00', FALSE),
(2132, 43, 1132, 59, 9, 600, '2025-03-08 11:00:00', '2025-03-10 11:00:00', FALSE),
(2133, 43, 1133, 75, 7, 477, '2025-03-10 08:00:00', '2025-03-14 08:00:00', FALSE),
(2134, 59, 1134, 28, 2, 302, '2025-03-10 09:00:00', '2025-03-14 09:00:00', FALSE),
(2135, 52, 1135, 58, 8, 603, '2025-03-14 13:00:00', '2025-03-17 13:00:00', FALSE),
(2136, 31, 1136, 6, 1, 158, '2025-03-04 16:00:00', '2025-03-05 16:00:00', FALSE),
(2137, 11, 1137, 3, 1, 118, '2025-03-01 11:00:00', '2025-03-02 11:00:00', FALSE),
(2138, 58, 1138, 78, 8, 173, '2025-03-13 10:00:00', '2025-03-16 10:00:00', TRUE),
(2139, 24, 1139, 64, 1, 26, '2025-03-09 08:00:00', '2025-03-10 08:00:00', TRUE),
(2140, 26, 1140, 72, 9, 192, '2025-03-13 17:00:00', '2025-03-15 17:00:00', FALSE),
(2141, 43, 1141, 68, 2, 373, '2025-03-08 16:00:00', '2025-03-09 16:00:00', FALSE),
(2142, 37, 1142, 53, 10, 591, '2025-03-12 11:00:00', '2025-03-14 11:00:00', FALSE),
(2143, 30, 1143, 6, 2, 91, '2025-03-16 11:00:00', '2025-03-20 11:00:00', FALSE),
(2144, 21, 1144, 51, 1, 479, '2025-03-18 11:00:00', '2025-03-21 11:00:00', FALSE),
(2145, 59, 1145, 5, 6, 80, '2025-03-01 09:00:00', '2025-03-04 09:00:00', FALSE),
(2146, 33, 1146, 34, 8, 468, '2025-03-01 10:00:00', '2025-03-02 10:00:00', FALSE),
(2147, 53, 1147, 49, 5, 625, '2025-03-07 10:00:00', '2025-03-09 10:00:00', FALSE),
(2148, 58, 1148, 71, 7, 371, '2025-03-11 09:00:00', '2025-03-13 09:00:00', FALSE),
(2149, 25, 1149, 38, 5, 422, '2025-03-01 18:00:00', '2025-03-03 18:00:00', FALSE),
(2150, 42, 1150, 32, 4, 539, '2025-03-13 13:00:00', '2025-03-15 13:00:00', TRUE),
(2151, 35, 1151, 75, 8, 99, '2025-03-03 16:00:00', '2025-03-04 16:00:00', FALSE),
(2152, 28, 1152, 34, 4, 580, '2025-03-12 15:00:00', '2025-03-14 15:00:00', FALSE),
(2153, 6, 1153, 54, 3, 505, '2025-03-05 13:00:00', '2025-03-09 13:00:00', FALSE),
(2154, 58, 1154, 31, 9, 574, '2025-03-02 11:00:00', '2025-03-04 11:00:00', FALSE),
(2155, 57, 1155, 80, 10, 537, '2025-03-17 14:00:00', '2025-03-20 14:00:00', FALSE),
(2156, 41, 1156, 17, 7, 178, '2025-03-01 14:00:00', '2025-03-03 14:00:00', FALSE),
(2157, 16, 1157, 60, 1, 480, '2025-03-08 17:00:00', '2025-03-11 17:00:00', TRUE),
(2158, 41, 1158, 67, 4, 341, '2025-03-16 16:00:00', '2025-03-17 16:00:00', FALSE),
(2159, 52, 1159, 67, 9, 319, '2025-03-01 11:00:00', '2025-03-04 11:00:00', FALSE),
(2160, 4, 1160, 47, 6, 610, '2025-03-02 17:00:00', '2025-03-06 17:00:00', FALSE),
(2161, 20, 1161, 46, 5, 279, '2025-03-05 09:00:00', '2025-03-07 09:00:00', FALSE),
(2162, 26, 1162, 32, 9, 146, '2025-03-03 14:00:00', '2025-03-04 14:00:00', FALSE),
(2163, 10, 1163, 70, 7, 291, '2025-03-06 16:00:00', '2025-03-07 16:00:00', FALSE),
(2164, 41, 1164, 49, 5, 622, '2025-03-04 11:00:00', '2025-03-05 11:00:00', FALSE),
(2165, 26, 1165, 1, 10, 415, '2025-03-13 13:00:00', '2025-03-16 13:00:00', TRUE),
(2166, 53, 1166, 39, 7, 410, '2025-03-16 09:00:00', '2025-03-17 09:00:00', FALSE),
(2167, 50, 1167, 79, 9, 578, '2025-03-10 11:00:00', '2025-03-14 11:00:00', TRUE),
(2168, 15, 1168, 28, 7, 138, '2025-03-10 14:00:00', '2025-03-11 14:00:00', TRUE),
(2169, 13, 1169, 29, 8, 407, '2025-03-13 12:00:00', '2025-03-14 12:00:00', FALSE),
(2170, 15, 1170, 16, 5, 500, '2025-03-11 12:00:00', '2025-03-15 12:00:00', FALSE),
(2171, 47, 1171, 40, 5, 567, '2025-03-06 14:00:00', '2025-03-07 14:00:00', FALSE),
(2172, 18, 1172, 68, 5, 307, '2025-03-06 11:00:00', '2025-03-07 11:00:00', TRUE),
(2173, 2, 1173, 50, 2, 539, '2025-03-02 15:00:00', '2025-03-06 15:00:00', TRUE),
(2174, 54, 1174, 5, 8, 156, '2025-03-03 10:00:00', '2025-03-05 10:00:00', FALSE),
(2175, 35, 1175, 45, 6, 219, '2025-03-02 17:00:00', '2025-03-05 17:00:00', FALSE),
(2176, 33, 1176, 66, 4, 490, '2025-03-01 14:00:00', '2025-03-02 14:00:00', FALSE),
(2177, 49, 1177, 75, 2, 295, '2025-03-17 14:00:00', '2025-03-19 14:00:00', FALSE),
(2178, 12, 1178, 75, 9, 537, '2025-03-14 16:00:00', '2025-03-17 16:00:00', FALSE),
(2179, 52, 1179, 58, 6, 127, '2025-03-09 18:00:00', '2025-03-13 18:00:00', FALSE),
(2180, 37, 1180, 25, 4, 393, '2025-03-07 14:00:00', '2025-03-10 14:00:00', FALSE),
(2181, 6, 1181, 44, 3, 444, '2025-03-10 13:00:00', '2025-03-14 13:00:00', FALSE),
(2182, 5, 1182, 22, 9, 504, '2025-03-07 15:00:00', '2025-03-08 15:00:00', FALSE),
(2183, 59, 1183, 12, 8, 628, '2025-03-10 18:00:00', '2025-03-12 18:00:00', FALSE),
(2184, 29, 1184, 57, 9, 62, '2025-03-04 10:00:00', '2025-03-05 10:00:00', FALSE),
(2185, 22, 1185, 34, 6, 152, '2025-03-09 15:00:00', '2025-03-13 15:00:00', TRUE),
(2186, 35, 1186, 54, 1, 589, '2025-03-02 16:00:00', '2025-03-03 16:00:00', FALSE),
(2187, 14, 1187, 34, 6, 143, '2025-03-04 09:00:00', '2025-03-05 09:00:00', TRUE),
(2188, 42, 1188, 52, 8, 558, '2025-03-15 10:00:00', '2025-03-17 10:00:00', FALSE),
(2189, 32, 1189, 37, 1, 520, '2025-03-16 10:00:00', '2025-03-17 10:00:00', TRUE),
(2190, 37, 1190, 68, 10, 340, '2025-03-02 18:00:00', '2025-03-05 18:00:00', FALSE),
(2191, 51, 1191, 43, 2, 225, '2025-03-04 18:00:00', '2025-03-05 18:00:00', FALSE),
(2192, 58, 1192, 44, 4, 248, '2025-03-04 12:00:00', '2025-03-08 12:00:00', FALSE),
(2193, 47, 1193, 13, 2, 428, '2025-03-05 16:00:00', '2025-03-09 16:00:00', FALSE),
(2194, 44, 1194, 48, 3, 541, '2025-03-13 16:00:00', '2025-03-14 16:00:00', TRUE),
(2195, 7, 1195, 12, 1, 50, '2025-03-01 10:00:00', '2025-03-02 10:00:00', FALSE),
(2196, 57, 1196, 54, 10, 571, '2025-03-11 18:00:00', '2025-03-14 18:00:00', FALSE),
(2197, 1, 1197, 67, 4, 599, '2025-03-08 10:00:00', '2025-03-11 10:00:00', FALSE),
(2198, 38, 1198, 33, 6, 617, '2025-03-14 10:00:00', '2025-03-17 10:00:00', TRUE),
(2199, 43, 1199, 41, 7, 309, '2025-03-13 15:00:00', '2025-03-15 15:00:00', FALSE),
(2200, 14, 1200, 4, 1, 201, '2025-03-10 14:00:00', '2025-03-14 14:00:00', FALSE);

